area,Interval,Date,Total Footfall,Average Footfall,Total Visiting,Average Visiting,Total Passing through,Average Passing through
Lister Park,dayOfWeek,Wednesday,1498912.04,26766.29,439590.6399,7849.833903,1059321.4,18916.4561
Lister Park,dayOfWeek,Tuesday,1533818.94,27389.62,449827.896,8032.639849,1083991.044,19356.98015
Lister Park,dayOfWeek,Thursday,1609874.4,28747.76,472132.9196,8430.94583,1137741.48,20316.81417
Lister Park,dayOfWeek,Sunday,1802349.41,32184.81,528580.67,9438.940275,1273768.74,22745.86973
Lister Park,dayOfWeek,Saturday,1772058.22,31643.9,519697.0777,9280.305901,1252361.142,22363.5941
Lister Park,dayOfWeek,Monday,1958637.96,34975.68,574415.9038,10257.42748,1384222.056,24718.25252
Lister Park,dayOfWeek,Friday,1710580.72,30546.08,501667.3782,8958.344783,1208913.342,21587.73522
Lister Park,daily,27/01/2026,26189.85,26189.85,7092.398685,7092.398685,19097.45132,19097.45132
Lister Park,daily,26/01/2026,51927.6,51927.6,14062.36546,14062.36546,37865.23454,37865.23454
Lister Park,daily,25/01/2026,47694.35,47694.35,16948.71658,16948.71658,30745.63342,30745.63342
Lister Park,daily,24/01/2026,90026.3,90026.3,31991.84481,31991.84481,58034.45519,58034.45519
Lister Park,daily,23/01/2026,55538.98,55538.98,15040.35299,15040.35299,40498.62701,40498.62701
Lister Park,daily,22/01/2026,53330.38,53330.38,14442.24831,14442.24831,38888.13169,38888.13169
Lister Park,daily,21/01/2026,28923.12,28923.12,7832.587749,7832.587749,21090.53225,21090.53225
Lister Park,daily,20/01/2026,15239.46,15239.46,4126.954758,4126.954758,11112.50524,11112.50524
Lister Park,daily,19/01/2026,20233.24,20233.24,5479.306096,5479.306096,14753.9339,14753.9339
Lister Park,weekly,19/01/2026,239836.09,34262.3,70337.48309,10048.21229,169498.6069,24214.08771
Lister Park,daily,18/01/2026,38209.64,38209.64,13578.21962,13578.21962,24631.42038,24631.42038
Lister Park,daily,17/01/2026,41478.5,41478.5,14739.8453,14739.8453,26738.6547,26738.6547
Lister Park,daily,16/01/2026,29992.04,29992.04,8122.05893,8122.05893,21869.98107,21869.98107
Lister Park,daily,15/01/2026,35334.07,35334.07,9568.718859,9568.718859,25765.35114,25765.35114
Lister Park,daily,14/01/2026,28210.56,28210.56,7639.621405,7639.621405,20570.9386,20570.9386
Lister Park,daily,13/01/2026,20319.28,20319.28,5502.606344,5502.606344,14816.67366,14816.67366
Lister Park,daily,12/01/2026,42679.71,42679.71,11557.97071,11557.97071,31121.73929,31121.73929
Lister Park,weekly,12/01/2026,216820.16,30974.31,63587.52904,9083.933139,153232.631,21890.37686
Lister Park,daily,11/01/2026,27087.12,27087.12,9625.708703,9625.708703,17461.4113,17461.4113
Lister Park,daily,10/01/2026,39510.13,39510.13,14040.36318,14040.36318,25469.76682,25469.76682
Lister Park,daily,09/01/2026,25752.94,25752.94,6974.080332,6974.080332,18778.85967,18778.85967
Lister Park,daily,08/01/2026,31681.05,31681.05,8579.454917,8579.454917,23101.59508,23101.59508
Lister Park,daily,07/01/2026,28292.01,28292.01,7661.678647,7661.678647,20630.33135,20630.33135
Lister Park,daily,06/01/2026,25269.79,25269.79,6843.239857,6843.239857,18426.55014,18426.55014
Lister Park,daily,05/01/2026,25728.55,25728.55,6967.475346,6967.475346,18761.07465,18761.07465
Lister Park,weekly,05/01/2026,207387.71,29626.82,60821.24482,8688.750516,146566.4652,20938.06948
Lister Park,daily,04/01/2026,25246.88,25246.88,8971.758996,8971.758996,16275.121,16275.121
Lister Park,daily,03/01/2026,30029.5,30029.5,10671.31609,10671.31609,19358.18391,19358.18391
Lister Park,daily,02/01/2026,36453.69,36453.69,9871.919962,9871.919962,26581.77004,26581.77004
Lister Park,daily,01/01/2026,47655.98,47655.98,12905.58021,12905.58021,34750.39979,34750.39979
Lister Park,daily,31/12/2025,55627.09,55627.09,15064.21381,15064.21381,40562.87619,40562.87619
Lister Park,daily,30/12/2025,72357.1,72357.1,19594.82016,19594.82016,52762.27984,52762.27984
Lister Park,daily,29/12/2025,83773.93,83773.93,22686.57938,22686.57938,61087.35062,61087.35062
Lister Park,weekly,29/12/2025,252074.44,36010.63,73926.66242,10560.95052,178147.7776,25449.67948
Lister Park,daily,28/12/2025,22444.5,22444.5,7975.902163,7975.902163,14468.59784,14468.59784
Lister Park,daily,27/12/2025,31404.53,31404.53,11159.94826,11159.94826,20244.58174,20244.58174
Lister Park,daily,26/12/2025,26629.92,26629.92,7211.572788,7211.572788,19418.34721,19418.34721
Lister Park,daily,25/12/2025,26166.92,26166.92,7086.189077,7086.189077,19080.73092,19080.73092
Lister Park,daily,24/12/2025,17322.95,17322.95,4691.178751,4691.178751,12631.77125,12631.77125
Lister Park,daily,23/12/2025,29068.36,29068.36,7871.91978,7871.91978,21196.44022,21196.44022
Lister Park,daily,22/12/2025,51244.32,51244.32,13877.32835,13877.32835,37366.99165,37366.99165
Lister Park,weekly,22/12/2025,207019.16,29574.17,60713.159,8673.309686,146306.001,20900.86031
Lister Park,daily,21/12/2025,40333.39,40333.39,14332.91775,14332.91775,26000.47225,26000.47225
Lister Park,daily,20/12/2025,27870.74,27870.74,9904.176767,9904.176767,17966.56323,17966.56323
Lister Park,daily,19/12/2025,22671.58,22671.58,6139.626007,6139.626007,16531.95399,16531.95399
Lister Park,daily,18/12/2025,30488.91,30488.91,8256.614879,8256.614879,22232.29512,22232.29512
Lister Park,daily,17/12/2025,20036.55,20036.55,5426.041038,5426.041038,14610.50896,14610.50896
Lister Park,daily,16/12/2025,29858.23,29858.23,8085.822225,8085.822225,21772.40778,21772.40778
Lister Park,daily,15/12/2025,85867.34,85867.34,23253.48978,23253.48978,62613.85022,62613.85022
Lister Park,weekly,15/12/2025,222736.71,31819.53,65322.69424,9331.813462,157414.0158,22487.71654
Lister Park,daily,14/12/2025,30919.76,30919.76,10987.67986,10987.67986,19932.08014,19932.08014
Lister Park,daily,13/12/2025,28207.76,28207.76,10023.94056,10023.94056,18183.81944,18183.81944
Lister Park,daily,12/12/2025,21641.47,21641.47,5860.664852,5860.664852,15780.80515,15780.80515
Lister Park,daily,11/12/2025,25330.66,25330.66,6859.723888,6859.723888,18470.93611,18470.93611
Lister Park,daily,10/12/2025,15321.21,15321.21,4149.093242,4149.093242,11172.11676,11172.11676
Lister Park,daily,09/12/2025,18955.31,18955.31,5133.233513,5133.233513,13822.07649,13822.07649
Lister Park,daily,08/12/2025,100405.13,100405.13,27190.42728,27190.42728,73214.70272,73214.70272
Lister Park,weekly,08/12/2025,217550.52,31078.65,63801.72401,9114.533259,153748.796,21964.11674
Lister Park,daily,07/12/2025,59962.76,59962.76,21308.43223,21308.43223,38654.32777,38654.32777
Lister Park,daily,06/12/2025,25872.79,25872.79,9194.183061,9194.183061,16678.60694,16678.60694
Lister Park,daily,05/12/2025,47058.76,47058.76,12743.84876,12743.84876,34314.91124,34314.91124
Lister Park,daily,04/12/2025,36960.18,36960.18,10009.08108,10009.08108,26951.09892,26951.09892
Lister Park,daily,03/12/2025,20018.63,20018.63,5421.188174,5421.188174,14597.44183,14597.44183
Lister Park,daily,02/12/2025,23259.29,23259.29,6298.782078,6298.782078,16960.50792,16960.50792
Lister Park,daily,01/12/2025,48350.87,48350.87,13093.76139,13093.76139,35257.10861,35257.10861
Lister Park,weekly,01/12/2025,223493.81,31927.69,65544.73133,9363.533885,157949.0787,22564.15611
Lister Park,monthly,01/12/2025,997064.69,32163.38,292412.292,9432.655431,704652.398,22730.72457
Lister Park,daily,30/11/2025,19550.85,19550.85,6947.611522,6947.611522,12603.23848,12603.23848
Lister Park,daily,29/11/2025,27222.44,27222.44,9673.796167,9673.796167,17548.64383,17548.64383
Lister Park,daily,28/11/2025,55421.42,55421.42,15008.5169,15008.5169,40412.9031,40412.9031
Lister Park,daily,27/11/2025,17925.81,17925.81,4854.43755,4854.43755,13071.37245,13071.37245
Lister Park,daily,26/11/2025,16281.57,16281.57,4409.165599,4409.165599,11872.4044,11872.4044
Lister Park,daily,25/11/2025,16894.65,16894.65,4575.192047,4575.192047,12319.45795,12319.45795
Lister Park,daily,24/11/2025,27451.94,27451.94,7434.181683,7434.181683,20017.75832,20017.75832
Lister Park,weekly,24/11/2025,199371.34,28481.62,58470.25882,8352.894117,140901.0812,20128.72588
Lister Park,daily,23/11/2025,24564.9,24564.9,8729.409835,8729.409835,15835.49017,15835.49017
Lister Park,daily,22/11/2025,43079.76,43079.76,15308.87081,15308.87081,27770.88919,27770.88919
Lister Park,daily,21/11/2025,58330.48,58330.48,15796.31115,15796.31115,42534.16885,42534.16885
Lister Park,daily,20/11/2025,24168.7,24168.7,6545.05681,6545.05681,17623.64319,17623.64319
Lister Park,daily,19/11/2025,17091.83,17091.83,4628.589802,4628.589802,12463.2402,12463.2402
Lister Park,daily,18/11/2025,46049.96,46049.96,12470.65851,12470.65851,33579.30149,33579.30149
Lister Park,daily,17/11/2025,32000.54,32000.54,8665.975094,8665.975094,23334.56491,23334.56491
Lister Park,weekly,17/11/2025,219540.63,31362.95,64385.36982,9197.910812,155155.2602,22165.03919
Lister Park,daily,16/11/2025,25188.73,25188.73,8951.094748,8951.094748,16237.63525,16237.63525
Lister Park,daily,15/11/2025,31919.68,31919.68,11343.01253,11343.01253,20576.66747,20576.66747
Lister Park,daily,14/11/2025,18029.45,18029.45,4882.504003,4882.504003,13146.946,13146.946
Lister Park,daily,13/11/2025,43197.94,43197.94,11698.3111,11698.3111,31499.6289,31499.6289
Lister Park,daily,12/11/2025,16428.78,16428.78,4449.03112,4449.03112,11979.74888,11979.74888
Lister Park,daily,11/11/2025,17604.06,17604.06,4767.305349,4767.305349,12836.75465,12836.75465
Lister Park,daily,10/11/2025,22934.33,22934.33,6210.780586,6210.780586,16723.54941,16723.54941
Lister Park,weekly,10/11/2025,199121.83,28445.98,58397.08424,8342.441862,140724.7458,20103.53814
Lister Park,daily,09/11/2025,24146.19,24146.19,8580.616589,8580.616589,15565.57341,15565.57341
Lister Park,daily,08/11/2025,18682.97,18682.97,6639.200732,6639.200732,12043.76927,12043.76927
Lister Park,daily,07/11/2025,28350.2,28350.2,7677.436915,7677.436915,20672.76308,20672.76308
Lister Park,daily,06/11/2025,32228.49,32228.49,8727.705584,8727.705584,23500.78442,23500.78442
Lister Park,daily,05/11/2025,15638.36,15638.36,4234.979731,4234.979731,11403.38027,11403.38027
Lister Park,daily,04/11/2025,19346.23,19346.23,5239.097445,5239.097445,14107.13256,14107.13256
Lister Park,daily,03/11/2025,17510.41,17510.41,4741.944259,4741.944259,12768.46574,12768.46574
Lister Park,weekly,03/11/2025,194455.01,27779.29,57028.43128,8146.919593,137426.5787,19632.37041
Lister Park,daily,02/11/2025,32366.18,32366.18,11501.68126,11501.68126,20864.49874,20864.49874
Lister Park,daily,01/11/2025,32402.26,32402.26,11514.50269,11514.50269,20887.75731,20887.75731
Lister Park,monthly,01/11/2025,874248.65,29141.62,256393.6463,8546.454389,617855.0037,20595.16561
Lister Park,daily,31/10/2025,18195.17,18195.17,4927.382165,4927.382165,13267.78784,13267.78784
Lister Park,daily,30/10/2025,46138.76,46138.76,12494.70618,12494.70618,33644.05382,33644.05382
Lister Park,daily,29/10/2025,30219.27,30219.27,8183.594439,8183.594439,22035.67556,22035.67556
Lister Park,daily,28/10/2025,17409.66,17409.66,4714.660439,4714.660439,12694.99956,12694.99956
Lister Park,daily,27/10/2025,23567.91,23567.91,6382.358581,6382.358581,17185.55142,17185.55142
Lister Park,weekly,27/10/2025,208106.9,29729.56,61032.16393,8718.881399,147074.7361,21010.6786
Lister Park,daily,26/10/2025,56663.71,56663.71,20136.0782,20136.0782,36527.6318,36527.6318
Lister Park,daily,25/10/2025,81488.36,81488.36,28957.79308,28957.79308,52530.56692,52530.56692
Lister Park,daily,24/10/2025,19932.43,19932.43,5397.844597,5397.844597,14534.5854,14534.5854
Lister Park,daily,23/10/2025,39577.27,39577.27,10717.80777,10717.80777,28859.46223,28859.46223
Lister Park,daily,22/10/2025,66076.19,66076.19,17893.90482,17893.90482,48182.28518,48182.28518
Lister Park,daily,21/10/2025,27315.74,27315.74,7397.297749,7397.297749,19918.44225,19918.44225
Lister Park,daily,20/10/2025,52967.11,52967.11,14343.8722,14343.8722,38623.2378,38623.2378
Lister Park,weekly,20/10/2025,250337.02,35762.43,73417.1238,10488.16012,176919.8962,25274.26988
Lister Park,daily,19/10/2025,52456.49,52456.49,18640.99588,18640.99588,33815.49412,33815.49412
Lister Park,daily,18/10/2025,23422.16,23422.16,8323.324494,8323.324494,15098.83551,15098.83551
Lister Park,daily,17/10/2025,48884.91,48884.91,13238.38324,13238.38324,35646.52676,35646.52676
Lister Park,daily,16/10/2025,34016.25,34016.25,9211.843778,9211.843778,24804.40622,24804.40622
Lister Park,daily,15/10/2025,51403.64,51403.64,13920.47334,13920.47334,37483.16666,37483.16666
Lister Park,daily,14/10/2025,62902.05,62902.05,17034.325,17034.325,45867.725,45867.725
Lister Park,daily,13/10/2025,99857.2,99857.2,27042.04392,27042.04392,72815.15608,72815.15608
Lister Park,weekly,13/10/2025,257828.09,36832.58,75614.05342,10802.00637,182214.0366,26030.57363
Lister Park,daily,12/10/2025,72041.38,72041.38,25600.70389,25600.70389,46440.67611,46440.67611
Lister Park,daily,11/10/2025,15527.75,15527.75,5517.958288,5517.958288,10009.79171,10009.79171
Lister Park,daily,10/10/2025,29435.46,29435.46,7971.333085,7971.333085,21464.12692,21464.12692
Lister Park,daily,09/10/2025,41574.29,41574.29,11258.61506,11258.61506,30315.67494,30315.67494
Lister Park,daily,08/10/2025,17220.61,17220.61,4663.464347,4663.464347,12557.14565,12557.14565
Lister Park,daily,07/10/2025,32508.92,32508.92,8803.648034,8803.648034,23705.27197,23705.27197
Lister Park,daily,06/10/2025,12714.63,12714.63,3443.212737,3443.212737,9271.417263,9271.417263
Lister Park,weekly,06/10/2025,210152.39,30021.77,61632.0512,8804.578743,148520.3388,21217.19126
Lister Park,daily,05/10/2025,45257.27,45257.27,16082.67316,16082.67316,29174.59684,29174.59684
Lister Park,daily,04/10/2025,26472.57,26472.57,9407.32154,9407.32154,17065.24846,17065.24846
Lister Park,daily,03/10/2025,42700.17,42700.17,11563.51142,11563.51142,31136.65858,31136.65858
Lister Park,daily,02/10/2025,30123.18,30123.18,8157.572579,8157.572579,21965.60742,21965.60742
Lister Park,daily,01/10/2025,49392.44,49392.44,13375.826,13375.826,36016.614,36016.614
Lister Park,monthly,01/10/2025,1025495.05,33080.49,300750.1529,9701.61916,724744.8971,23378.87084
Lister Park,daily,30/09/2025,15803.83,15803.83,4279.79019,4279.79019,11524.03981,11524.03981
Lister Park,daily,29/09/2025,13306.58,13306.58,3603.51703,3603.51703,9703.06297,9703.06297
Lister Park,weekly,29/09/2025,210596.63,30085.23,61762.33486,8823.189856,148834.2951,21262.04014
Lister Park,daily,28/09/2025,18760.27,18760.27,6666.670145,6666.670145,12093.59986,12093.59986
Lister Park,daily,27/09/2025,37862.09,37862.09,13454.71387,13454.71387,24407.37613,24407.37613
Lister Park,daily,26/09/2025,22303.25,22303.25,6039.879609,6039.879609,16263.37039,16263.37039
Lister Park,daily,25/09/2025,27565.06,27565.06,7464.815388,7464.815388,20100.24461,20100.24461
Lister Park,daily,24/09/2025,13837.57,13837.57,3747.31292,3747.31292,10090.25708,10090.25708
Lister Park,daily,23/09/2025,29670.34,29670.34,8034.940269,8034.940269,21635.39973,21635.39973
Lister Park,daily,22/09/2025,28665.62,28665.62,7762.854907,7762.854907,20902.76509,20902.76509
Lister Park,weekly,22/09/2025,197681.61,28240.23,57974.7064,8282.100914,139706.9036,19958.12909
Lister Park,daily,21/09/2025,43024.47,43024.47,15289.2229,15289.2229,27735.2471,27735.2471
Lister Park,daily,20/09/2025,55459.06,55459.06,19707.99245,19707.99245,35751.06755,35751.06755
Lister Park,daily,19/09/2025,26082.61,26082.61,7063.357326,7063.357326,19019.25267,19019.25267
Lister Park,daily,18/09/2025,14484.73,14484.73,3922.568476,3922.568476,10562.16152,10562.16152
Lister Park,daily,17/09/2025,29085.43,29085.43,7876.542458,7876.542458,21208.88754,21208.88754
Lister Park,daily,16/09/2025,42505.52,42505.52,11510.79881,11510.79881,30994.72119,30994.72119
Lister Park,daily,15/09/2025,43859.89,43859.89,11877.57189,11877.57189,31982.31811,31982.31811
Lister Park,weekly,15/09/2025,220013.39,31430.48,64524.01763,9217.715547,155489.3724,22212.76445
Lister Park,daily,14/09/2025,21110.66,21110.66,7501.907316,7501.907316,13608.75268,13608.75268
Lister Park,daily,13/09/2025,15571.97,15571.97,5533.672356,5533.672356,10038.29764,10038.29764
Lister Park,daily,12/09/2025,21918.89,21918.89,5935.792172,5935.792172,15983.09783,15983.09783
Lister Park,daily,11/09/2025,17347,17347,4697.691663,4697.691663,12649.30834,12649.30834
Lister Park,daily,10/09/2025,40015.2,40015.2,10836.40234,10836.40234,29178.79766,29178.79766
Lister Park,daily,09/09/2025,26227.76,26227.76,7102.664984,7102.664984,19125.09502,19125.09502
Lister Park,daily,08/09/2025,34068.35,34068.35,9225.952831,9225.952831,24842.39717,24842.39717
Lister Park,weekly,08/09/2025,196673.77,28096.25,57679.134,8239.875447,138994.636,19856.37455
Lister Park,daily,07/09/2025,11486.43,11486.43,4081.830376,4081.830376,7404.599624,7404.599624
Lister Park,daily,06/09/2025,36700.62,36700.62,13041.97262,13041.97262,23658.64738,23658.64738
Lister Park,daily,05/09/2025,20147.07,20147.07,5455.970644,5455.970644,14691.09936,14691.09936
Lister Park,daily,04/09/2025,20272.64,20272.64,5489.975898,5489.975898,14782.6641,14782.6641
Lister Park,daily,03/09/2025,24710.29,24710.29,6691.723255,6691.723255,18018.56674,18018.56674
Lister Park,daily,02/09/2025,46636.94,46636.94,12629.61689,12629.61689,34007.32311,34007.32311
Lister Park,daily,01/09/2025,12150.29,12150.29,3290.385429,3290.385429,8859.904571,8859.904571
Lister Park,weekly,01/09/2025,195644.04,27949.15,57377.14185,8196.734968,138266.8982,19752.41503
Lister Park,monthly,01/09/2025,859778.95,28659.3,252150.072,8405.002888,607628.878,20254.29711
Lister Park,daily,31/08/2025,15795.19,15795.19,5612.99606,5612.99606,10182.19394,10182.19394
Lister Park,daily,30/08/2025,13508.47,13508.47,4800.384731,4800.384731,8708.085269,8708.085269
Lister Park,daily,29/08/2025,43750.53,43750.53,11847.95642,11847.95642,31902.57358,31902.57358
Lister Park,daily,28/08/2025,18934.65,18934.65,5127.638637,5127.638637,13807.01136,13807.01136
Lister Park,daily,27/08/2025,31328.48,31328.48,8483.97644,8483.97644,22844.50356,22844.50356
Lister Park,daily,26/08/2025,26431.81,26431.81,7157.923183,7157.923183,19273.88682,19273.88682
Lister Park,daily,25/08/2025,26545.05,26545.05,7188.589385,7188.589385,19356.46061,19356.46061
Lister Park,weekly,25/08/2025,196091.18,28013.03,57508.276,8215.469257,138582.904,19797.56074
Lister Park,daily,24/08/2025,20519.51,20519.51,7291.835603,7291.835603,13227.6744,13227.6744
Lister Park,daily,23/08/2025,15783.25,15783.25,5608.753049,5608.753049,10174.49695,10174.49695
Lister Park,daily,22/08/2025,30735.37,30735.37,8323.35801,8323.35801,22412.01199,22412.01199
Lister Park,daily,21/08/2025,17116.14,17116.14,4635.173123,4635.173123,12480.96688,12480.96688
Lister Park,daily,20/08/2025,25465.09,25465.09,6896.128494,6896.128494,18568.96151,18568.96151
Lister Park,daily,19/08/2025,26364.32,26364.32,7139.646409,7139.646409,19224.67359,19224.67359
Lister Park,daily,18/08/2025,12350.51,12350.51,3344.606437,3344.606437,9005.903563,9005.903563
Lister Park,weekly,18/08/2025,186514.83,26644.98,54699.78977,7814.256938,131815.0402,18830.72306
Lister Park,daily,17/08/2025,29110.03,29110.03,10344.57222,10344.57222,18765.45778,18765.45778
Lister Park,daily,16/08/2025,12137.8,12137.8,4313.301935,4313.301935,7824.498065,7824.498065
Lister Park,daily,15/08/2025,50457.15,50457.15,13664.15708,13664.15708,36792.99292,36792.99292
Lister Park,daily,14/08/2025,37449.98,37449.98,10141.72242,10141.72242,27308.25758,27308.25758
Lister Park,daily,13/08/2025,35098.45,35098.45,9504.911278,9504.911278,25593.53872,25593.53872
Lister Park,daily,12/08/2025,9034.61,9034.61,2446.637002,2446.637002,6587.972998,6587.972998
Lister Park,daily,11/08/2025,45337.15,45337.15,12277.62446,12277.62446,33059.52554,33059.52554
Lister Park,weekly,11/08/2025,207120.57,29588.65,60742.89983,8677.556281,146377.6702,20911.09372
Lister Park,daily,10/08/2025,25764.15,25764.15,9155.576631,9155.576631,16608.57337,16608.57337
Lister Park,daily,09/08/2025,13703.48,13703.48,4869.683698,4869.683698,8833.796302,8833.796302
Lister Park,daily,08/08/2025,11905.26,11905.26,3224.029552,3224.029552,8681.230448,8681.230448
Lister Park,daily,07/08/2025,11612.62,11612.62,3144.780547,3144.780547,8467.839453,8467.839453
Lister Park,daily,06/08/2025,24660.03,24660.03,6678.112488,6678.112488,17981.91751,17981.91751
Lister Park,daily,05/08/2025,16723.4,16723.4,4528.816323,4528.816323,12194.58368,12194.58368
Lister Park,daily,04/08/2025,13723.42,13723.42,3716.400283,3716.400283,10007.01972,10007.01972
Lister Park,weekly,04/08/2025,175692.36,25098.91,51525.85001,7360.836135,124166.51,17738.07386
Lister Park,daily,03/08/2025,23625.6,23625.6,8395.619155,8395.619155,15229.98084,15229.98084
Lister Park,daily,02/08/2025,26363.01,26363.01,9368.388178,9368.388178,16994.62182,16994.62182
Lister Park,daily,01/08/2025,27232.55,27232.55,7374.769302,7374.769302,19857.7807,19857.7807
Lister Park,monthly,01/08/2025,848538.84,27372.22,248853.6496,8027.536896,599685.1904,19344.6831
Lister Park,daily,31/07/2025,11239.67,11239.67,3043.78302,3043.78302,8195.88698,8195.88698
Lister Park,daily,30/07/2025,11909.04,11909.04,3225.053203,3225.053203,8683.986797,8683.986797
Lister Park,daily,29/07/2025,10973.76,10973.76,2971.77269,2971.77269,8001.98731,8001.98731
Lister Park,daily,28/07/2025,31542.53,31542.53,8541.94271,8541.94271,23000.58729,23000.58729
Lister Park,weekly,28/07/2025,182581.19,26083.03,53546.15881,7649.452097,129035.0312,18433.5779
Lister Park,daily,27/07/2025,15750.4,15750.4,5597.079437,5597.079437,10153.32056,10153.32056
Lister Park,daily,26/07/2025,13737.43,13737.43,4881.748208,4881.748208,8855.681792,8855.681792
Lister Park,daily,25/07/2025,14628.83,14628.83,3961.591787,3961.591787,10667.23821,10667.23821
Lister Park,daily,24/07/2025,14640.84,14640.84,3964.844181,3964.844181,10675.99582,10675.99582
Lister Park,daily,23/07/2025,34711.69,34711.69,9400.173904,9400.173904,25311.5161,25311.5161
Lister Park,daily,22/07/2025,22810.39,22810.39,6177.216748,6177.216748,16633.17325,16633.17325
Lister Park,daily,21/07/2025,13493.04,13493.04,3654.011732,3654.011732,9839.028268,9839.028268
Lister Park,weekly,21/07/2025,177982.14,25426.02,52197.38098,7456.768712,125784.759,17969.25129
Lister Park,daily,20/07/2025,39628.22,39628.22,14082.32777,14082.32777,25545.89223,25545.89223
Lister Park,daily,19/07/2025,31972.32,31972.32,11361.71874,11361.71874,20610.60126,20610.60126
Lister Park,daily,18/07/2025,11953.04,11953.04,3236.968718,3236.968718,8716.071282,8716.071282
Lister Park,daily,17/07/2025,10802.24,10802.24,2925.323848,2925.323848,7876.916152,7876.916152
Lister Park,daily,16/07/2025,10951.42,10951.42,2965.722859,2965.722859,7985.697141,7985.697141
Lister Park,daily,15/07/2025,6622.09,6622.09,1793.309332,1793.309332,4828.780668,4828.780668
Lister Park,daily,14/07/2025,9032.18,9032.18,2445.97894,2445.97894,6586.20106,6586.20106
Lister Park,weekly,14/07/2025,175165.57,25023.65,51371.35666,7338.764399,123794.2133,17684.8856
Lister Park,daily,13/07/2025,11551.66,11551.66,4105.010581,4105.010581,7446.649419,7446.649419
Lister Park,daily,12/07/2025,14558.68,14558.68,5173.588509,5173.588509,9385.091491,9385.091491
Lister Park,daily,11/07/2025,16403.69,16403.69,4442.236568,4442.236568,11961.45343,11961.45343
Lister Park,daily,10/07/2025,15916.12,15916.12,4310.199125,4310.199125,11605.92087,11605.92087
Lister Park,daily,09/07/2025,13143.55,13143.55,3559.36734,3559.36734,9584.18266,9584.18266
Lister Park,daily,08/07/2025,7410.39,7410.39,2006.78661,2006.78661,5403.60339,5403.60339
Lister Park,daily,07/07/2025,8959.53,8959.53,2426.304801,2426.304801,6533.225199,6533.225199
Lister Park,weekly,07/07/2025,166583.83,23797.69,48854.56282,6979.22326,117729.2672,16818.46674
Lister Park,daily,06/07/2025,17327.49,17327.49,6157.515871,6157.515871,11169.97413,11169.97413
Lister Park,daily,05/07/2025,13644.25,13644.25,4848.63566,4848.63566,8795.61434,8795.61434
Lister Park,daily,04/07/2025,14452.8,14452.8,3913.921604,3913.921604,10538.8784,10538.8784
Lister Park,daily,03/07/2025,12062.74,12062.74,3266.676262,3266.676262,8796.063738,8796.063738
Lister Park,daily,02/07/2025,11123.38,11123.38,3012.290856,3012.290856,8111.089144,8111.089144
Lister Park,daily,01/07/2025,7878.66,7878.66,2133.597475,2133.597475,5745.062525,5745.062525
Lister Park,monthly,01/07/2025,763809.6,24639.02,224004.8394,7225.962751,539804.7606,17413.05725
Lister Park,daily,30/06/2025,13312.91,13312.91,3605.231239,3605.231239,9707.678761,9707.678761
Lister Park,weekly,30/06/2025,169037.24,24148.18,49574.08208,7082.012563,119463.1579,17066.16744
Lister Park,daily,29/06/2025,14131.68,14131.68,5021.84932,5021.84932,9109.83068,9109.83068
Lister Park,daily,28/06/2025,9767.66,9767.66,3471.046382,3471.046382,6296.613618,6296.613618
Lister Park,daily,27/06/2025,22914.27,22914.27,6205.348195,6205.348195,16708.92181,16708.92181
Lister Park,daily,26/06/2025,26851.52,26851.52,7271.583653,7271.583653,19579.93635,19579.93635
Lister Park,daily,25/06/2025,7498.47,7498.47,2030.639304,2030.639304,5467.830696,5467.830696
Lister Park,daily,24/06/2025,7996.08,7996.08,2165.39565,2165.39565,5830.68435,5830.68435
Lister Park,daily,23/06/2025,9091.57,9091.57,2462.062177,2462.062177,6629.507823,6629.507823
Lister Park,weekly,23/06/2025,173384.82,24769.26,50849.11051,7264.158645,122535.7095,17505.10136
Lister Park,daily,22/06/2025,18036.69,18036.69,6409.537961,6409.537961,11627.15204,11627.15204
Lister Park,daily,21/06/2025,15422.8,15422.8,5480.663141,5480.663141,9942.136859,9942.136859
Lister Park,daily,20/06/2025,14930.55,14930.55,4043.299721,4043.299721,10887.25028,10887.25028
Lister Park,daily,19/06/2025,14450,14450,3913.163344,3913.163344,10536.83666,10536.83666
Lister Park,daily,18/06/2025,10458.26,10458.26,2832.171604,2832.171604,7626.088396,7626.088396
Lister Park,daily,17/06/2025,10967.81,10967.81,2970.161388,2970.161388,7997.648612,7997.648612
Lister Park,daily,16/06/2025,12295.61,12295.61,3329.739124,3329.739124,8965.870876,8965.870876
Lister Park,weekly,16/06/2025,175408.14,25058.31,51442.49592,7348.929246,123965.6441,17709.38075
Lister Park,daily,15/06/2025,35966.55,35966.55,12781.1127,12781.1127,23185.4373,23185.4373
Lister Park,daily,14/06/2025,10003.6,10003.6,3554.890279,3554.890279,6448.709721,6448.709721
Lister Park,daily,13/06/2025,19846.79,19846.79,5374.652673,5374.652673,14472.13733,14472.13733
Lister Park,daily,12/06/2025,10083.38,10083.38,2730.651418,2730.651418,7352.728582,7352.728582
Lister Park,daily,11/06/2025,8412.25,8412.25,2278.097463,2278.097463,6134.152537,6134.152537
Lister Park,daily,10/06/2025,13080.98,13080.98,3542.422937,3542.422937,9538.557063,9538.557063
Lister Park,daily,09/06/2025,10757.78,10757.78,2913.283762,2913.283762,7844.496238,7844.496238
Lister Park,weekly,09/06/2025,179894.74,25699.25,52758.29519,7536.899732,127136.4448,18162.35027
Lister Park,daily,08/06/2025,12654.84,12654.84,4497.037837,4497.037837,8157.802163,8157.802163
Lister Park,daily,07/06/2025,31079.02,31079.02,11044.27467,11044.27467,20034.74533,20034.74533
Lister Park,daily,06/06/2025,15088.65,15088.65,4086.114331,4086.114331,11002.53567,11002.53567
Lister Park,daily,05/06/2025,10668.12,10668.12,2889.003192,2889.003192,7779.116808,7779.116808
Lister Park,daily,04/06/2025,32318.91,32318.91,8752.191967,8752.191967,23566.71803,23566.71803
Lister Park,daily,03/06/2025,23867.14,23867.14,6463.392205,6463.392205,17403.74779,17403.74779
Lister Park,daily,02/06/2025,17619.74,17619.74,4771.551605,4771.551605,12848.18839,12848.18839
Lister Park,weekly,02/06/2025,191406.2,27343.74,56134.2972,8019.184477,135271.9028,19324.55552
Lister Park,daily,01/06/2025,15433.86,15433.86,5484.593435,5484.593435,9949.266565,9949.266565
Lister Park,monthly,01/06/2025,770428.74,25680.96,225946.0554,7531.535766,544482.6846,18149.42423
Lister Park,daily,31/05/2025,60435.75,60435.75,21476.51447,21476.51447,38959.23553,38959.23553
Lister Park,daily,30/05/2025,16787.9,16787.9,4546.283384,4546.283384,12241.61662,12241.61662
Lister Park,daily,29/05/2025,25206.73,25206.73,6826.162758,6826.162758,18380.56724,18380.56724
Lister Park,daily,28/05/2025,10203.45,10203.45,2763.167233,2763.167233,7440.282767,7440.282767
Lister Park,daily,27/05/2025,17581.92,17581.92,4761.309679,4761.309679,12820.61032,12820.61032
Lister Park,daily,26/05/2025,14626.5,14626.5,3960.960806,3960.960806,10665.53919,10665.53919
Lister Park,weekly,26/05/2025,196762.02,28108.86,57705.01535,8243.573622,139057.0046,19865.28638
Lister Park,daily,25/05/2025,11534.92,11534.92,4099.061836,4099.061836,7435.858164,7435.858164
Lister Park,daily,24/05/2025,10672.48,10672.48,3792.58421,3792.58421,6879.89579,6879.89579
Lister Park,daily,23/05/2025,18196.34,18196.34,4927.699009,4927.699009,13268.64099,13268.64099
Lister Park,daily,22/05/2025,41653.05,41653.05,11279.94383,11279.94383,30373.10617,30373.10617
Lister Park,daily,21/05/2025,50198.45,50198.45,13594.09927,13594.09927,36604.35073,36604.35073
Lister Park,daily,20/05/2025,16199.1,16199.1,4386.832133,4386.832133,11812.26787,11812.26787
Lister Park,daily,19/05/2025,40483.89,40483.89,10963.32695,10963.32695,29520.56305,29520.56305
Lister Park,weekly,19/05/2025,205303.71,29329.1,60210.06359,8601.437237,145093.6464,20727.66276
Lister Park,daily,18/05/2025,34914.29,34914.29,12407.18043,12407.18043,22507.10957,22507.10957
Lister Park,daily,17/05/2025,40537.5,40537.5,14405.45051,14405.45051,26132.04949,26132.04949
Lister Park,daily,16/05/2025,29273.07,29273.07,7927.356712,7927.356712,21345.71329,21345.71329
Lister Park,daily,15/05/2025,36664.03,36664.03,9928.881538,9928.881538,26735.14846,26735.14846
Lister Park,daily,14/05/2025,35402.47,35402.47,9587.242068,9587.242068,25815.22793,25815.22793
Lister Park,daily,13/05/2025,30447.87,30447.87,8245.500954,8245.500954,22202.36905,22202.36905
Lister Park,daily,12/05/2025,39084.92,39084.92,10584.47586,10584.47586,28500.44414,28500.44414
Lister Park,weekly,12/05/2025,221846.04,31692.29,65061.48465,9294.497388,156784.5554,22397.79261
Lister Park,daily,11/05/2025,39657.25,39657.25,14092.6439,14092.6439,25564.6061,25564.6061
Lister Park,daily,10/05/2025,36388.23,36388.23,12930.96136,12930.96136,23457.26864,23457.26864
Lister Park,daily,09/05/2025,31860.11,31860.11,8627.945646,8627.945646,23232.16435,23232.16435
Lister Park,daily,08/05/2025,26329.37,26329.37,7130.181699,7130.181699,19199.1883,19199.1883
Lister Park,daily,07/05/2025,11058.04,11058.04,2994.596317,2994.596317,8063.443683,8063.443683
Lister Park,daily,06/05/2025,10315.34,10315.34,2793.467845,2793.467845,7521.872155,7521.872155
Lister Park,daily,05/05/2025,24174.18,24174.18,6546.540833,6546.540833,17627.63917,17627.63917
Lister Park,weekly,05/05/2025,201936.97,28848.14,59222.68918,8460.384588,142714.2808,20387.75541
Lister Park,daily,04/05/2025,28043.17,28043.17,9965.451681,9965.451681,18077.71832,18077.71832
Lister Park,daily,03/05/2025,17917.15,17917.15,6367.058096,6367.058096,11550.0919,11550.0919
Lister Park,daily,02/05/2025,55394.92,55394.92,15001.34051,15001.34051,40393.57949,40393.57949
Lister Park,daily,01/05/2025,18771.77,18771.77,5083.529568,5083.529568,13688.24043,13688.24043
Lister Park,monthly,01/05/2025,920496.32,29693.43,269956.8457,8708.28544,650539.4743,20985.14456
Lister Park,daily,30/04/2025,20368.7,20368.7,5515.989633,5515.989633,14852.71037,14852.71037
Lister Park,daily,29/04/2025,80152.93,80152.93,21705.98668,21705.98668,58446.94332,58446.94332
Lister Park,daily,28/04/2025,27609.81,27609.81,7476.934008,7476.934008,20132.87599,20132.87599
Lister Park,weekly,28/04/2025,222399.28,31771.33,65223.73508,9317.677697,157175.5449,22453.6523
Lister Park,daily,27/04/2025,37601.12,37601.12,13361.97529,13361.97529,24239.14471,24239.14471
Lister Park,daily,26/04/2025,34775.76,34775.76,12357.95226,12357.95226,22417.80774,22417.80774
Lister Park,daily,25/04/2025,41622.58,41622.58,11271.69234,11271.69234,30350.88766,30350.88766
Lister Park,daily,24/04/2025,27371.52,27371.52,7412.403372,7412.403372,19959.11663,19959.11663
Lister Park,daily,23/04/2025,33417.35,33417.35,9049.657375,9049.657375,24367.69263,24367.69263
Lister Park,daily,22/04/2025,36279.5,36279.5,9824.748064,9824.748064,26454.75194,26454.75194
Lister Park,daily,21/04/2025,13810.59,13810.59,3740.006543,3740.006543,10070.58346,10070.58346
Lister Park,weekly,21/04/2025,214763.84,30680.55,62984.46562,8997.781222,151779.3744,21682.76878
Lister Park,daily,20/04/2025,32350.23,32350.23,11496.01325,11496.01325,20854.21675,20854.21675
Lister Park,daily,19/04/2025,30415.74,30415.74,10808.57076,10808.57076,19607.16924,19607.16924
Lister Park,daily,18/04/2025,23958.24,23958.24,6488.062737,6488.062737,17470.17726,17470.17726
Lister Park,daily,17/04/2025,37532.74,37532.74,10164.13442,10164.13442,27368.60558,27368.60558
Lister Park,daily,16/04/2025,23619.15,23619.15,6396.23474,6396.23474,17222.91526,17222.91526
Lister Park,daily,15/04/2025,9489.02,9489.02,2569.69448,2569.69448,6919.32552,6919.32552
Lister Park,daily,14/04/2025,9407.91,9407.91,2547.729312,2547.729312,6860.180688,6860.180688
Lister Park,weekly,14/04/2025,196694.54,28099.22,57685.22528,8240.746468,139009.3147,19858.47353
Lister Park,daily,13/04/2025,27387.25,27387.25,9732.363229,9732.363229,17654.88677,17654.88677
Lister Park,daily,12/04/2025,34080.89,34080.89,12111.02249,12111.02249,21969.86751,21969.86751
Lister Park,daily,11/04/2025,26806.35,26806.35,7259.351294,7259.351294,19546.99871,19546.99871
Lister Park,daily,10/04/2025,9139.12,9139.12,2474.939057,2474.939057,6664.180943,6664.180943
Lister Park,daily,09/04/2025,46742.66,46742.66,12658.24662,12658.24662,34084.41338,34084.41338
Lister Park,daily,08/04/2025,26135.46,26135.46,7077.669484,7077.669484,19057.79052,19057.79052
Lister Park,daily,07/04/2025,42095.13,42095.13,11399.66226,11399.66226,30695.46774,30695.46774
Lister Park,weekly,07/04/2025,210649.33,30092.76,61777.79035,8825.398203,148871.5396,21267.3618
Lister Park,daily,06/04/2025,62964.75,62964.75,22375.22269,22375.22269,40589.52731,40589.52731
Lister Park,daily,05/04/2025,40622.33,40622.33,14435.59579,14435.59579,26186.73421,26186.73421
Lister Park,daily,04/04/2025,15851.5,15851.5,4292.699567,4292.699567,11558.80043,11558.80043
Lister Park,daily,03/04/2025,36149.21,36149.21,9789.4646,9789.4646,26359.7454,26359.7454
Lister Park,daily,02/04/2025,37188.75,37188.75,10070.97947,10070.97947,27117.77053,27117.77053
Lister Park,daily,01/04/2025,40872.02,40872.02,11068.43533,11068.43533,29803.58467,29803.58467
Lister Park,monthly,01/04/2025,919560.99,30652.03,269682.5385,8989.417072,649878.4515,21662.61293
Lister Park,daily,31/03/2025,82593.07,82593.07,22366.79405,22366.79405,60226.27595,60226.27595
Lister Park,weekly,31/03/2025,241260.64,34465.81,70755.26534,10107.89631,170505.3747,24357.91369
Lister Park,daily,30/03/2025,34572.15,34572.15,12285.59718,12285.59718,22286.55282,22286.55282
Lister Park,daily,29/03/2025,44504.66,44504.66,15815.22484,15815.22484,28689.43516,28689.43516
Lister Park,daily,28/03/2025,26623,26623,7209.698803,7209.698803,19413.3012,19413.3012
Lister Park,daily,27/03/2025,21728.79,21728.79,5884.311732,5884.311732,15844.47827,15844.47827
Lister Park,daily,26/03/2025,40945.42,40945.42,11088.31257,11088.31257,29857.10743,29857.10743
Lister Park,daily,25/03/2025,28792.11,28792.11,7797.109304,7797.109304,20995.0007,20995.0007
Lister Park,daily,24/03/2025,59303.8,59303.8,16059.89317,16059.89317,43243.90683,43243.90683
Lister Park,weekly,24/03/2025,221455.13,31636.45,64946.84125,9278.121016,156508.2888,22358.32898
Lister Park,daily,23/03/2025,42532.59,42532.59,15114.42788,15114.42788,27418.16212,27418.16212
Lister Park,daily,22/03/2025,52701.62,52701.62,18728.10555,18728.10555,33973.51445,33973.51445
Lister Park,daily,21/03/2025,33066.28,33066.28,8954.585108,8954.585108,24111.69489,24111.69489
Lister Park,daily,20/03/2025,38376.1,38376.1,10392.52234,10392.52234,27983.57766,27983.57766
Lister Park,daily,19/03/2025,40096.05,40096.05,10858.2971,10858.2971,29237.7529,29237.7529
Lister Park,daily,18/03/2025,63355.97,63355.97,17157.24979,17157.24979,46198.72021,46198.72021
Lister Park,daily,17/03/2025,68235.46,68235.46,18478.65058,18478.65058,49756.80942,49756.80942
Lister Park,weekly,17/03/2025,244388.18,34912.6,71672.48882,10238.92781,172715.6912,24673.67219
Lister Park,daily,16/03/2025,18240.8,18240.8,6482.070715,6482.070715,11758.72928,11758.72928
Lister Park,daily,15/03/2025,20701.81,20701.81,7356.617931,7356.617931,13345.19207,13345.19207
Lister Park,daily,14/03/2025,51930.04,51930.04,14063.02623,14063.02623,37867.01377,37867.01377
Lister Park,daily,13/03/2025,47176.33,47176.33,12775.68756,12775.68756,34400.64244,34400.64244
Lister Park,daily,12/03/2025,46785.53,46785.53,12669.85613,12669.85613,34115.67387,34115.67387
Lister Park,daily,11/03/2025,42010.58,42010.58,11376.76552,11376.76552,30633.81448,30633.81448
Lister Park,daily,10/03/2025,71289.61,71289.61,19305.73624,19305.73624,51983.87376,51983.87376
Lister Park,weekly,10/03/2025,230964.1,32994.87,67735.56673,9676.509114,163228.5333,23318.36089
Lister Park,daily,09/03/2025,44417.47,44417.47,15784.24091,15784.24091,28633.22909,28633.22909
Lister Park,daily,08/03/2025,48955.3,48955.3,17396.80916,17396.80916,31558.49084,31558.49084
Lister Park,daily,07/03/2025,30016.48,30016.48,8128.677456,8128.677456,21887.80254,21887.80254
Lister Park,daily,06/03/2025,20276.67,20276.67,5491.067251,5491.067251,14785.60275,14785.60275
Lister Park,daily,05/03/2025,18711.23,18711.23,5067.134903,5067.134903,13644.0951,13644.0951
Lister Park,daily,04/03/2025,35691.79,35691.79,9665.591993,9665.591993,26026.19801,26026.19801
Lister Park,daily,03/03/2025,44536.98,44536.98,12060.9327,12060.9327,32476.0473,32476.0473
Lister Park,weekly,03/03/2025,212618.45,30374.06,62355.28036,8907.895937,150263.1696,21466.16406
Lister Park,daily,02/03/2025,61528.75,61528.75,21864.92415,21864.92415,39663.82585,39663.82585
Lister Park,daily,01/03/2025,35969.83,35969.83,12782.27828,12782.27828,23187.55172,23187.55172
Lister Park,monthly,01/03/2025,1024068.59,33034.47,300331.8105,9688.12273,723736.7795,23346.34727
Lister Park,daily,28/02/2025,31799.61,31799.61,8611.561813,8611.561813,23188.04819,23188.04819
Lister Park,daily,27/02/2025,38594.2,38594.2,10451.58538,10451.58538,28142.61462,28142.61462
Lister Park,daily,26/02/2025,12310.31,12310.31,3333.719989,3333.719989,8976.590011,8976.590011
Lister Park,daily,25/02/2025,33352.35,33352.35,9032.05491,9032.05491,24320.29509,24320.29509
Lister Park,daily,24/02/2025,26915.14,26915.14,7288.812404,7288.812404,19626.3276,19626.3276
Lister Park,weekly,24/02/2025,210769.62,30109.95,61813.06818,8830.439568,148956.5518,21279.51043
Lister Park,daily,23/02/2025,58002.16,58002.16,20611.71126,20611.71126,37390.44874,37390.44874
Lister Park,daily,22/02/2025,29757.09,29757.09,10574.51217,10574.51217,19182.57783,19182.57783
Lister Park,daily,21/02/2025,65181.67,65181.67,17651.6624,17651.6624,47530.0076,47530.0076
Lister Park,daily,20/02/2025,30948.11,30948.11,8380.969523,8380.969523,22567.14048,22567.14048
Lister Park,daily,19/02/2025,38820.44,38820.44,10512.85279,10512.85279,28307.58721,28307.58721
Lister Park,daily,18/02/2025,35816.09,35816.09,9699.253322,9699.253322,26116.83668,26116.83668
Lister Park,daily,17/02/2025,20766.09,20766.09,5623.605687,5623.605687,15142.48431,15142.48431
Lister Park,weekly,17/02/2025,220847.09,31549.58,64768.51945,9252.644378,156078.5706,22296.93562
Lister Park,daily,16/02/2025,7547.59,7547.59,2682.119869,2682.119869,4865.470131,4865.470131
Lister Park,daily,15/02/2025,57071.68,57071.68,20281.05487,20281.05487,36790.62513,36790.62513
Lister Park,daily,14/02/2025,31695.94,31695.94,8583.487236,8583.487236,23112.45276,23112.45276
Lister Park,daily,13/02/2025,39460.45,39460.45,10686.17207,10686.17207,28774.27793,28774.27793
Lister Park,daily,12/02/2025,39115.17,39115.17,10592.66778,10592.66778,28522.50222,28522.50222
Lister Park,daily,11/02/2025,16245.73,16245.73,4399.45987,4399.45987,11846.27013,11846.27013
Lister Park,daily,10/02/2025,13409.44,13409.44,3631.372254,3631.372254,9778.067746,9778.067746
Lister Park,weekly,10/02/2025,197022.28,28146.04,57781.34262,8254.477517,139240.9374,19891.56248
Lister Park,daily,09/02/2025,38060.06,38060.06,13525.06471,13525.06471,24534.99529,24534.99529
Lister Park,daily,08/02/2025,28620.26,28620.26,10170.52702,10170.52702,18449.73298,18449.73298
Lister Park,daily,07/02/2025,38390.63,38390.63,10396.45717,10396.45717,27994.17283,27994.17283
Lister Park,daily,06/02/2025,37263.16,37263.16,10091.13023,10091.13023,27172.02977,27172.02977
Lister Park,daily,05/02/2025,26604.34,26604.34,7204.645541,7204.645541,19399.69446,19399.69446
Lister Park,daily,04/02/2025,20521,20521,5557.233562,5557.233562,14963.76644,14963.76644
Lister Park,daily,03/02/2025,43742.21,43742.21,11845.7033,11845.7033,31896.5067,31896.5067
Lister Park,weekly,03/02/2025,204525.91,29217.99,59981.95575,8568.851659,144543.9543,20649.13834
Lister Park,daily,02/02/2025,48378.43,48378.43,17191.812,17191.812,31186.618,31186.618
Lister Park,daily,01/02/2025,53811.64,53811.64,19122.56347,19122.56347,34689.07653,34689.07653
Lister Park,monthly,01/02/2025,833067.14,29752.4,244316.2156,8725.579757,588750.9244,21026.82024
Lister Park,daily,31/01/2025,35682.82,35682.82,9663.162853,9663.162853,26019.65715,26019.65715
Lister Park,daily,30/01/2025,52143.03,52143.03,14120.70544,14120.70544,38022.32456,38022.32456
Lister Park,daily,29/01/2025,27970.85,27970.85,7574.706222,7574.706222,20396.14378,20396.14378
Lister Park,daily,28/01/2025,37504.08,37504.08,10156.37309,10156.37309,27347.70691,27347.70691
Lister Park,daily,27/01/2025,23664.14,23664.14,6408.418354,6408.418354,17255.72165,17255.72165
Lister Park,weekly,27/01/2025,217239.18,31034.17,63710.41635,9101.488469,153528.7636,21932.68153
Lister Park,daily,26/01/2025,41267.24,41267.24,14664.77172,14664.77172,26602.46828,26602.46828
Lister Park,daily,25/01/2025,37611.8,37611.8,13365.77054,13365.77054,24246.02946,24246.02946
Lister Park,daily,24/01/2025,38037.05,38037.05,10300.70517,10300.70517,27736.34483,27736.34483
Lister Park,daily,23/01/2025,8148.7,8148.7,2206.726238,2206.726238,5941.973762,5941.973762
Lister Park,daily,22/01/2025,7996.87,7996.87,2165.609588,2165.609588,5831.260412,5831.260412
Lister Park,daily,21/01/2025,25111.19,25111.19,6800.289843,6800.289843,18310.90016,18310.90016
Lister Park,daily,20/01/2025,66589.86,66589.86,18033.01033,18033.01033,48556.84967,48556.84967
Lister Park,weekly,20/01/2025,201175.04,28739.29,58999.23558,8428.461807,142175.8044,20310.82819
Lister Park,daily,19/01/2025,28804.63,28804.63,10236.04494,10236.04494,18568.58506,18568.58506
Lister Park,daily,18/01/2025,26078.2,26078.2,9267.177784,9267.177784,16811.02222,16811.02222
Lister Park,daily,17/01/2025,22448.26,22448.26,6079.149354,6079.149354,16369.11065,16369.11065
Lister Park,daily,16/01/2025,31946.66,31946.66,8651.384005,8651.384005,23295.276,23295.276
Lister Park,daily,15/01/2025,6850.37,6850.37,1855.129189,1855.129189,4995.240811,4995.240811
Lister Park,daily,14/01/2025,36043.37,36043.37,9760.802372,9760.802372,26282.56763,26282.56763
Lister Park,daily,13/01/2025,32507.7,32507.7,8803.317649,8803.317649,23704.38235,23704.38235
Lister Park,weekly,13/01/2025,189422.58,27060.37,55552.55474,7936.079667,133870.0253,19124.29033
Lister Park,daily,12/01/2025,54999.78,54999.78,19544.78221,19544.78221,35454.99779,35454.99779
Lister Park,daily,11/01/2025,30451.31,30451.31,10821.21096,10821.21096,19630.09904,19630.09904
Lister Park,daily,10/01/2025,33539.96,33539.96,9082.86104,9082.86104,24457.09896,24457.09896
Lister Park,daily,09/01/2025,54940.2,54940.2,14878.19908,14878.19908,40062.00092,40062.00092
Lister Park,daily,08/01/2025,31268.68,31268.68,8467.782172,8467.782172,22800.89783,22800.89783
Lister Park,daily,07/01/2025,57858.08,57858.08,15668.38185,15668.38185,42189.69815,42189.69815
Lister Park,daily,06/01/2025,48513.65,48513.65,13137.84338,13137.84338,35375.80662,35375.80662
Lister Park,weekly,06/01/2025,226778.74,32396.96,66508.11306,9501.158171,160270.6269,22895.80183
Lister Park,daily,05/01/2025,15732.97,15732.97,5590.885493,5590.885493,10142.08451,10142.08451
Lister Park,daily,04/01/2025,18083.48,18083.48,6426.165307,6426.165307,11657.31469,11657.31469
Lister Park,daily,03/01/2025,42647.6,42647.6,11549.27509,11549.27509,31098.32491,31098.32491
Lister Park,daily,02/01/2025,42658.16,42658.16,11552.13481,11552.13481,31106.02519,31106.02519
Lister Park,daily,01/01/2025,35005.45,35005.45,9479.726213,9479.726213,25525.72379,25525.72379
Lister Park,monthly,01/01/2025,906536.82,29243.12,265862.8993,8576.221613,640673.9207,20666.89839
Lister Park,daily,31/12/2024,8679.53,8679.53,2350.478798,2350.478798,6329.051202,6329.051202
Lister Park,daily,30/12/2024,41878.97,41878.97,11341.12459,11341.12459,30537.84541,30537.84541
Lister Park,weekly,30/12/2024,193746.43,27678.06,56820.6238,8117.231553,136925.8062,19560.82845
Lister Park,daily,29/12/2024,43426.89,43426.89,15432.22731,15432.22731,27994.66269,27994.66269
Lister Park,daily,28/12/2024,18096.97,18096.97,6430.959128,6430.959128,11666.01087,11666.01087
Lister Park,daily,27/12/2024,35543.75,35543.75,9625.501702,9625.501702,25918.2483,25918.2483
Lister Park,daily,26/12/2024,54081.01,54081.01,14645.52429,14645.52429,39435.48571,39435.48571
Lister Park,daily,25/12/2024,46976.28,46976.28,12721.51259,12721.51259,34254.76741,34254.76741
