area,Interval,Date,Total Footfall,Average Footfall,Total Visiting,Average Visiting,Total Passing through,Average Passing through
Painting the sky - Roberts part,dayOfWeek,Monday,384680.37,6869.29,284786.7039494762,5085.475137639847,99893.6660505238,1783.8148623601528
Painting the sky - Roberts part,dayOfWeek,Tuesday,473596.42,8457.08,350613.0646959495,6260.94837705661,122983.35530405049,2196.13162294339
Painting the sky - Roberts part,dayOfWeek,Wednesday,372602.63,6653.62,275845.3073147617,4925.810248992726,96757.32268523835,1727.8097510072744
Painting the sky - Roberts part,dayOfWeek,Thursday,465034.49,8304.19,344274.49373079697,6147.760799622297,120759.99626920304,2156.4292003777036
Painting the sky - Roberts part,dayOfWeek,Friday,386343.32,6898.99,286017.8196659678,5107.462651864447,100325.50033403226,1791.5273481355525
Painting the sky - Roberts part,dayOfWeek,Saturday,469173.45,8378.1,347338.6500228862,6202.477876266747,121834.7999771138,2175.622123733253
Painting the sky - Roberts part,dayOfWeek,Sunday,697825.59,12461.17,516614.48102407344,9225.257664315168,181211.10897592653,3235.9123356848327
Painting the sky - Roberts part,daily,2024-12-25,4531.1,4531.1,3001.342239212009,3001.342239212009,1529.7577607879912,1529.7577607879912
Painting the sky - Roberts part,daily,2024-12-26,14115.1,14115.1,9349.660312220305,9349.660312220305,4765.439687779694,4765.439687779694
Painting the sky - Roberts part,daily,2024-12-27,3625.94,3625.94,2401.775921707398,2401.775921707398,1224.164078292602,1224.164078292602
Painting the sky - Roberts part,daily,2024-12-28,3074.44,3074.44,2548.8988878071636,2548.8988878071636,525.5411121928366,525.5411121928366
Painting the sky - Roberts part,daily,2024-12-29,10729.49,10729.49,8895.403757347056,8895.403757347056,1834.0862426529443,1834.0862426529443
Painting the sky - Roberts part,daily,2024-12-30,4098.61,4098.61,2714.8664375221756,2714.8664375221756,1383.7435624778238,1383.7435624778238
Painting the sky - Roberts part,daily,2024-12-31,7816.9,7816.9,5177.813808941835,5177.813808941835,2639.0861910581643,2639.0861910581643
Painting the sky - Roberts part,daily,2025-01-01,6041.47,6041.47,4001.791860239716,4001.791860239716,2039.6781397602845,2039.6781397602845
Painting the sky - Roberts part,daily,2025-01-02,8499.36,8499.36,5629.866516799228,5629.866516799228,2869.4934832007725,2869.4934832007725
Painting the sky - Roberts part,daily,2025-01-03,15773.5,15773.5,10448.163097307634,10448.163097307634,5325.336902692366,5325.336902692366
Painting the sky - Roberts part,daily,2025-01-04,9041.74,9041.74,7496.155732374527,7496.155732374527,1545.5842676254726,1545.5842676254726
Painting the sky - Roberts part,daily,2025-01-05,7598.31,7598.31,6299.463937567182,6299.463937567182,1298.846062432818,1298.846062432818
Painting the sky - Roberts part,daily,2025-01-06,13259.88,13259.88,8783.173607045206,8783.173607045206,4476.706392954794,4476.706392954794
Painting the sky - Roberts part,daily,2025-01-07,7480.4,7480.4,4954.920546048754,4954.920546048754,2525.4794539512454,2525.4794539512454
Painting the sky - Roberts part,daily,2025-01-08,22756.38,22756.38,15073.53280783019,15073.53280783019,7682.84719216981,7682.84719216981
Painting the sky - Roberts part,daily,2025-01-09,10157.76,10157.76,6728.369301886556,6728.369301886556,3429.3906981134437,3429.3906981134437
Painting the sky - Roberts part,daily,2025-01-10,5773.7,5773.7,3824.424463494157,3824.424463494157,1949.2755365058429,1949.2755365058429
Painting the sky - Roberts part,daily,2025-01-11,4101.55,4101.55,3400.4359276113605,3400.4359276113605,701.1140723886396,701.1140723886396
Painting the sky - Roberts part,daily,2025-01-12,12334.8,12334.8,10226.30397774027,10226.30397774027,2108.4960222597288,2108.4960222597288
Painting the sky - Roberts part,daily,2025-01-13,5886.89,5886.89,3899.400060602234,3899.400060602234,1987.489939397766,1987.489939397766
Painting the sky - Roberts part,daily,2025-01-14,7996.72,7996.72,5296.924259264077,5296.924259264077,2699.795740735924,2699.795740735924
Painting the sky - Roberts part,daily,2025-01-15,5756.62,5756.62,3813.1108916361663,3813.1108916361663,1943.5091083638333,1943.5091083638333
Painting the sky - Roberts part,daily,2025-01-16,7554.41,7554.41,5003.94381614301,5003.94381614301,2550.46618385699,2550.46618385699
Painting the sky - Roberts part,daily,2025-01-17,6977.58,6977.58,4621.859058833601,4621.859058833601,2355.720941166399,2355.720941166399
Painting the sky - Roberts part,daily,2025-01-18,6152.32,6152.32,5100.649746111086,5100.649746111086,1051.670253888914,1051.670253888914
Painting the sky - Roberts part,daily,2025-01-19,8509.9,8509.9,7055.227828596486,7055.227828596486,1454.672171403514,1454.672171403514
Painting the sky - Roberts part,daily,2025-01-20,17198.73,17198.73,11392.21707969428,11392.21707969428,5806.5129203057195,5806.5129203057195
Painting the sky - Roberts part,daily,2025-01-21,8233.6,8233.6,5453.830518147028,5453.830518147028,2779.7694818529726,2779.7694818529726
Painting the sky - Roberts part,daily,2025-01-22,7978.99,7978.99,5285.180135783855,5285.180135783855,2693.809864216145,2693.809864216145
Painting the sky - Roberts part,daily,2025-01-23,15717.66,15717.66,10411.175401022494,10411.175401022494,5306.484598977506,5306.484598977506
Painting the sky - Roberts part,daily,2025-01-24,7087.83,7087.83,4694.887237834974,4694.887237834974,2392.9427621650257,2392.9427621650257
Painting the sky - Roberts part,daily,2025-01-25,7522.36,7522.36,6236.49674011693,6236.49674011693,1285.8632598830702,1285.8632598830702
Painting the sky - Roberts part,daily,2025-01-26,10039.34,10039.34,8323.227176434722,8323.227176434722,1716.1128235652777,1716.1128235652777
Painting the sky - Roberts part,daily,2025-01-27,7849.18,7849.18,5199.1956648889045,5199.1956648889045,2649.9843351110953,2649.9843351110953
Painting the sky - Roberts part,daily,2025-01-28,7153.73,7153.73,4738.538548458017,4738.538548458017,2415.191451541982,2415.191451541982
Painting the sky - Roberts part,daily,2025-01-29,6911.35,6911.35,4577.989160463887,4577.989160463887,2333.3608395361134,2333.3608395361134
Painting the sky - Roberts part,daily,2025-01-30,6305.04,6305.04,4176.377231118555,4176.377231118555,2128.662768881445,2128.662768881445
Painting the sky - Roberts part,daily,2025-01-31,5958.16,5958.16,3946.6083900120107,3946.6083900120107,2011.551609987989,2011.551609987989
Painting the sky - Roberts part,daily,2025-02-01,8045.17,8045.17,6669.938221340978,6669.938221340978,1375.231778659022,1375.231778659022
Painting the sky - Roberts part,daily,2025-02-02,16603.9,16603.9,13765.64910789001,13765.64910789001,2838.250892109991,2838.250892109991
Painting the sky - Roberts part,daily,2025-02-03,6565.41,6565.41,4348.842963241799,4348.842963241799,2216.567036758201,2216.567036758201
Painting the sky - Roberts part,daily,2025-02-04,14338.11,14338.11,9497.379261871973,9497.379261871973,4840.730738128027,4840.730738128027
Painting the sky - Roberts part,daily,2025-02-05,6547.63,6547.63,4337.065720406022,4337.065720406022,2210.5642795939784,2210.5642795939784
Painting the sky - Roberts part,daily,2025-02-06,10950.45,10950.45,7253.4369410030995,7253.4369410030995,3697.0130589969012,3697.0130589969012
Painting the sky - Roberts part,daily,2025-02-07,8004.73,8004.73,5302.229980024175,5302.229980024175,2702.5000199758238,2702.5000199758238
Painting the sky - Roberts part,daily,2025-02-08,3892.25,3892.25,3226.9134203521394,3226.9134203521394,665.3365796478605,665.3365796478605
Painting the sky - Roberts part,daily,2025-02-09,9481.27,9481.27,7860.552997618892,7860.552997618892,1620.7170023811088,1620.7170023811088
Painting the sky - Roberts part,daily,2025-02-10,12795.61,12795.61,8475.647142963866,8475.647142963866,4319.962857036135,4319.962857036135
Painting the sky - Roberts part,daily,2025-02-11,16245.73,16245.73,10760.962162793518,10760.962162793518,5484.767837206482,5484.767837206482
Painting the sky - Roberts part,daily,2025-02-12,12414.88,12414.88,8223.456498145788,8223.456498145788,4191.42350185421,4191.42350185421
Painting the sky - Roberts part,daily,2025-02-13,9843.11,9843.11,6519.949197371525,6519.949197371525,3323.1608026284753,3323.1608026284753
Painting the sky - Roberts part,daily,2025-02-14,5336.49,5336.49,3534.8221946398207,3534.8221946398207,1801.6678053601788,1801.6678053601788
Painting the sky - Roberts part,daily,2025-02-15,6597.56,6597.56,5469.780950755595,5469.780950755595,1127.779049244406,1127.779049244406
Painting the sky - Roberts part,daily,2025-02-16,7547.59,7547.59,6257.413953963801,6257.413953963801,1290.176046036199,1290.176046036199
Painting the sky - Roberts part,daily,2025-02-17,4549.69,4549.69,3013.656015607796,3013.656015607796,1536.0339843922038,1536.0339843922038
Painting the sky - Roberts part,daily,2025-02-18,14007.57,14007.57,9278.433826161188,9278.433826161188,4729.136173838812,4729.136173838812
Painting the sky - Roberts part,daily,2025-02-19,7263.05,7263.05,4810.950707446046,4810.950707446046,2452.0992925539535,2452.0992925539535
Painting the sky - Roberts part,daily,2025-02-20,23211.08,23211.08,15374.720227258078,15374.720227258078,7836.359772741923,7836.359772741923
Painting the sky - Roberts part,daily,2025-02-21,18496.12,18496.12,12251.591493794887,12251.591493794887,6244.528506205111,6244.528506205111
Painting the sky - Roberts part,daily,2025-02-22,7756.95,7756.95,6430.986204894477,6430.986204894477,1325.9637951055229,1325.9637951055229
Painting the sky - Roberts part,daily,2025-02-23,9578.76,9578.76,7941.378173121526,7941.378173121526,1637.3818268784742,1637.3818268784742
Painting the sky - Roberts part,daily,2025-02-24,6824.53,6824.53,4520.480711476138,4520.480711476138,2304.0492885238614,2304.0492885238614
Painting the sky - Roberts part,daily,2025-02-25,6631.03,6631.03,4392.308805473727,4392.308805473727,2238.7211945262725,2238.7211945262725
Painting the sky - Roberts part,daily,2025-02-26,12310.31,12310.31,8154.190677935597,8154.190677935597,4156.119322064403,4156.119322064403
Painting the sky - Roberts part,daily,2025-02-27,11288.29,11288.29,7477.217802625087,7477.217802625087,3811.072197374914,3811.072197374914
Painting the sky - Roberts part,daily,2025-02-28,6328.76,6328.76,4192.089053394407,4192.089053394407,2136.670946605594,2136.670946605594
Painting the sky - Roberts part,daily,2025-03-01,7785.97,7785.97,6455.045560654929,6455.045560654929,1330.924439345071,1330.924439345071
Painting the sky - Roberts part,daily,2025-03-02,18324.25,18324.25,15191.924527686477,15191.924527686477,3132.3254723135224,3132.3254723135224
Painting the sky - Roberts part,daily,2025-03-03,6758.48,6758.48,4476.730042786427,4476.730042786427,2281.7499572135735,2281.7499572135735
Painting the sky - Roberts part,daily,2025-03-04,18276.54,18276.54,12106.144531934377,12106.144531934377,6170.395468065625,6170.395468065625
Painting the sky - Roberts part,daily,2025-03-05,6437.68,6437.68,4264.236257537986,4264.236257537986,2173.4437424620146,2173.4437424620146
Painting the sky - Roberts part,daily,2025-03-06,6947.18,6947.18,4601.722490655445,4601.722490655445,2345.457509344556,2345.457509344556
Painting the sky - Roberts part,daily,2025-03-07,9493.14,9493.14,6288.133580091609,6288.133580091609,3205.006419908391,3205.006419908391
Painting the sky - Roberts part,daily,2025-03-08,16629.54,16629.54,13786.906236825158,13786.906236825158,2842.633763174843,2842.633763174843
Painting the sky - Roberts part,daily,2025-03-09,38227.67,38227.67,31693.07761623556,31693.07761623556,6534.592383764436,6534.592383764436
Painting the sky - Roberts part,daily,2025-03-10,7317.31,7317.31,4846.891832095612,4846.891832095612,2470.4181679043886,2470.4181679043886
Painting the sky - Roberts part,daily,2025-03-11,7180.2,7180.2,4756.071935289458,4756.071935289458,2424.1280647105414,2424.1280647105414
Painting the sky - Roberts part,daily,2025-03-12,6897.91,6897.91,4569.086677690386,4569.086677690386,2328.823322309614,2328.823322309614
Painting the sky - Roberts part,daily,2025-03-13,13257.03,13257.03,8781.285803778504,8781.285803778504,4475.744196221496,4475.744196221496
Painting the sky - Roberts part,daily,2025-03-14,12514.84,12514.84,8289.6687137737,8289.6687137737,4225.171286226299,4225.171286226299
Painting the sky - Roberts part,daily,2025-03-15,13763.76,13763.76,11410.999257115027,11410.999257115027,2352.7607428849733,2352.7607428849733
Painting the sky - Roberts part,daily,2025-03-16,19930.48,19930.48,16523.587484375337,16523.587484375337,3406.892515624662,3406.892515624662
Painting the sky - Roberts part,daily,2025-03-17,6539.03,6539.03,4331.369191250359,4331.369191250359,2207.6608087496406,2207.6608087496406
Painting the sky - Roberts part,daily,2025-03-18,7061.43,7061.43,4677.400218101312,4677.400218101312,2384.029781898688,2384.029781898688
Painting the sky - Roberts part,daily,2025-03-19,5165.13,5165.13,3421.315539277686,3421.315539277686,1743.814460722314,1743.814460722314
Painting the sky - Roberts part,daily,2025-03-20,30536.95,30536.95,20227.282093024907,20227.282093024907,10309.667906975094,10309.667906975094
Painting the sky - Roberts part,daily,2025-03-21,6563.48,6563.48,4347.5645561173305,4347.5645561173305,2215.9154438826695,2215.9154438826695
Painting the sky - Roberts part,daily,2025-03-22,8209.95,8209.95,6806.550924380513,6806.550924380513,1403.3990756194883,1403.3990756194883
Painting the sky - Roberts part,daily,2025-03-23,19139.2,19139.2,15867.567945225428,15867.567945225428,3271.632054774573,3271.632054774573
Painting the sky - Roberts part,daily,2025-03-24,7807.81,7807.81,5171.792710101723,5171.792710101723,2636.017289898278,2636.017289898278
Painting the sky - Roberts part,daily,2025-03-25,5648.28,5648.28,3741.3478720170388,3741.3478720170388,1906.932127982961,1906.932127982961
Painting the sky - Roberts part,daily,2025-03-26,7324.94,7324.94,4851.945845753484,4851.945845753484,2472.994154246516,2472.994154246516
Painting the sky - Roberts part,daily,2025-03-27,16017.51,16017.51,10609.792176292896,10609.792176292896,5407.717823707104,5407.717823707104
Painting the sky - Roberts part,daily,2025-03-28,8259.82,8259.82,5471.198308200687,5471.198308200687,2788.6216917993124,2788.6216917993124
Painting the sky - Roberts part,daily,2025-03-29,6959.4,6959.4,5769.768452077507,5769.768452077507,1189.6315479224922,1189.6315479224922
Painting the sky - Roberts part,daily,2025-03-30,11958.43,11958.43,9914.270217314313,9914.270217314313,2044.1597826856869,2044.1597826856869
Painting the sky - Roberts part,daily,2025-03-31,6797.99,6797.99,4502.900957546919,4502.900957546919,2295.089042453081,2295.089042453081
Painting the sky - Roberts part,daily,2025-04-01,5354.03,5354.03,3546.4404645689283,3546.4404645689283,1807.5895354310715,1807.5895354310715
Painting the sky - Roberts part,daily,2025-04-02,2582.57,2582.57,1710.6610815743988,1710.6610815743988,871.9089184256014,871.9089184256014
Painting the sky - Roberts part,daily,2025-04-03,8415.45,8415.45,5574.285614304849,5574.285614304849,2841.1643856951514,2841.1643856951514
Painting the sky - Roberts part,daily,2025-04-04,6255.9,6255.9,4143.827528477943,4143.827528477943,2112.072471522057,2112.072471522057
Painting the sky - Roberts part,daily,2025-04-05,6104.72,6104.72,5061.1864334233705,5061.1864334233705,1043.5335665766297,1043.5335665766297
Painting the sky - Roberts part,daily,2025-04-06,13287.9,13287.9,11016.482198804597,11016.482198804597,2271.4178011954027,2271.4178011954027
Painting the sky - Roberts part,daily,2025-04-07,7188.86,7188.86,4761.808207671788,4761.808207671788,2427.051792328211,2427.051792328211
Painting the sky - Roberts part,daily,2025-04-08,4027.53,4027.53,2667.783961663513,2667.783961663513,1359.7460383364873,1359.7460383364873
Painting the sky - Roberts part,daily,2025-04-09,1777.86,1777.86,1177.6315493821505,1177.6315493821505,600.2284506178495,600.2284506178495
Painting the sky - Roberts part,daily,2025-04-10,9356.81,9356.81,6197.8303452321325,6197.8303452321325,3158.979654767867,3158.979654767867
Painting the sky - Roberts part,daily,2025-04-11,10200.3,10200.3,6756.547249593753,6756.547249593753,3443.752750406247,3443.752750406247
Painting the sky - Roberts part,daily,2025-04-12,9857.18,9857.18,8172.205389897027,8172.205389897027,1684.9746101029734,1684.9746101029734
Painting the sky - Roberts part,daily,2025-04-13,12622.14,12622.14,10464.526420338763,10464.526420338763,2157.613579661236,2157.613579661236
Painting the sky - Roberts part,daily,2025-04-14,31849.24,31849.24,21096.526075081256,21096.526075081256,10752.713924918744,10752.713924918744
Painting the sky - Roberts part,daily,2025-04-15,4208.23,4208.23,2787.4773126435416,2787.4773126435416,1420.7526873564582,1420.7526873564582
Painting the sky - Roberts part,daily,2025-04-16,915.62,915.62,606.4948866869634,606.4948866869634,309.12511331303665,309.12511331303665
Painting the sky - Roberts part,daily,2025-04-17,6351.63,6351.63,4207.237846625802,4207.237846625802,2144.3921533741977,2144.3921533741977
Painting the sky - Roberts part,daily,2025-04-18,3127.95,3127.95,2071.9137642389715,2071.9137642389715,1056.0362357610286,1056.0362357610286
Painting the sky - Roberts part,daily,2025-04-19,9972.81,9972.81,8268.069735402922,8268.069735402922,1704.7402645970787,1704.7402645970787
Painting the sky - Roberts part,daily,2025-04-20,9794.18,9794.18,8119.974534869168,8119.974534869168,1674.2054651308324,1674.2054651308324
Painting the sky - Roberts part,daily,2025-04-21,4835.21,4835.21,3202.7807835757976,3202.7807835757976,1632.4292164242022,1632.4292164242022
Painting the sky - Roberts part,daily,2025-04-22,4434.06,4434.06,2937.0641939485777,2937.0641939485777,1496.9958060514225,1496.9958060514225
Painting the sky - Roberts part,daily,2025-04-23,915.62,915.62,606.4948866869634,606.4948866869634,309.12511331303665,309.12511331303665
Painting the sky - Roberts part,daily,2025-04-24,3523.19,3523.19,2333.7156460394513,2333.7156460394513,1189.4743539605488,1189.4743539605488
Painting the sky - Roberts part,daily,2025-04-25,2307.52,2307.52,1528.4715066598606,1528.4715066598606,779.0484933401393,779.0484933401393
Painting the sky - Roberts part,daily,2025-04-26,10732.21,10732.21,8897.658803786353,8897.658803786353,1834.5511962136463,1834.5511962136463
Painting the sky - Roberts part,daily,2025-04-27,8413.99,8413.99,6975.712569775502,6975.712569775502,1438.277430224498,1438.277430224498
Painting the sky - Roberts part,daily,2025-04-28,8724.45,8724.45,5778.963231642032,5778.963231642032,2945.4867683579682,2945.4867683579682
Painting the sky - Roberts part,daily,2025-04-29,8221.01,8221.01,5445.491064417982,5445.491064417982,2775.5189355820185,2775.5189355820185
Painting the sky - Roberts part,daily,2025-05-01,3523.19,3523.19,2333.7156460394513,2333.7156460394513,1189.4743539605488,1189.4743539605488
Painting the sky - Roberts part,daily,2025-05-02,1275.04,1275.04,844.5700621669969,844.5700621669969,430.4699378330031,430.4699378330031
Painting the sky - Roberts part,daily,2025-05-03,18658.1,18658.1,15468.706606274583,15468.706606274583,3189.3933937254146,3189.3933937254146
Painting the sky - Roberts part,daily,2025-05-04,13266.67,13266.67,10998.881229721399,10998.881229721399,2267.7887702786,2267.7887702786
Painting the sky - Roberts part,daily,2025-05-05,7141.3,7141.3,4730.305076666752,4730.305076666752,2410.994923333248,2410.994923333248
Painting the sky - Roberts part,daily,2025-05-06,9757.59,9757.59,6463.301851628237,6463.301851628237,3294.288148371763,3294.288148371763
Painting the sky - Roberts part,daily,2025-05-07,1424.53,1424.53,943.5903114088594,943.5903114088594,480.93968859114057,480.93968859114057
Painting the sky - Roberts part,daily,2025-05-08,2471.26,2471.26,1636.9307722352341,1636.9307722352341,834.3292277647661,834.3292277647661
Painting the sky - Roberts part,daily,2025-05-09,4002.91,4002.91,2651.47599098765,2651.47599098765,1351.4340090123496,1351.4340090123496
Painting the sky - Roberts part,daily,2025-05-10,7282.92,7282.92,6037.986328563428,6037.986328563428,1244.9336714365718,1244.9336714365718
Painting the sky - Roberts part,daily,2025-05-11,4649.51,4649.51,3854.728297787007,3854.728297787007,794.7817022129935,794.7817022129935
Painting the sky - Roberts part,daily,2025-05-12,7141.3,7141.3,4730.305076666752,4730.305076666752,2410.994923333248,2410.994923333248
Painting the sky - Roberts part,daily,2025-05-13,8625.76,8625.76,5713.592247645247,5713.592247645247,2912.1677523547532,2912.1677523547532
Painting the sky - Roberts part,daily,2025-05-14,2847.61,2847.61,1886.2201615065899,1886.2201615065899,961.3898384934104,961.3898384934104
Painting the sky - Roberts part,daily,2025-05-15,2562.08,2562.08,1697.0887696674768,1697.0887696674768,864.9912303325233,864.9912303325233
Painting the sky - Roberts part,daily,2025-05-16,2787.14,2787.14,1846.1656128969473,1846.1656128969473,940.9743871030525,940.9743871030525
Painting the sky - Roberts part,daily,2025-05-17,7282.92,7282.92,6037.986328563428,6037.986328563428,1244.9336714365718,1244.9336714365718
Painting the sky - Roberts part,daily,2025-05-18,11307.23,11307.23,9374.385569788252,9374.385569788252,1932.8444302117484,1932.8444302117484
Painting the sky - Roberts part,daily,2025-05-19,5097.4,5097.4,3376.4520602412863,3376.4520602412863,1720.9479397587131,1720.9479397587131
Painting the sky - Roberts part,daily,2025-05-20,18674.48,18674.48,12369.73485893489,12369.73485893489,6304.745141065111,6304.745141065111
Painting the sky - Roberts part,daily,2025-05-21,2847.61,2847.61,1886.2201615065899,1886.2201615065899,961.3898384934104,961.3898384934104
Painting the sky - Roberts part,daily,2025-05-22,10413.26,10413.26,6897.609208778628,6897.609208778628,3515.6507912213715,3515.6507912213715
Painting the sky - Roberts part,daily,2025-05-23,4234.21,4234.21,2804.686129790532,2804.686129790532,1429.523870209468,1429.523870209468
Painting the sky - Roberts part,daily,2025-05-24,5462.19,5462.19,4528.4897464225705,4528.4897464225705,933.7002535774287,933.7002535774287
Painting the sky - Roberts part,daily,2025-05-25,3071.74,3071.74,2546.6604225916835,2546.6604225916835,525.0795774083163,525.0795774083163
Painting the sky - Roberts part,daily,2025-05-26,5097.4,5097.4,3376.4520602412863,3376.4520602412863,1720.9479397587131,1720.9479397587131
Painting the sky - Roberts part,daily,2025-05-27,9268.46,9268.46,6139.308443964364,6139.308443964364,3129.1515560356343,3129.1515560356343
Painting the sky - Roberts part,daily,2025-05-28,7149.1,7149.1,4735.471696133516,4735.471696133516,2413.6283038664847,2413.6283038664847
Painting the sky - Roberts part,daily,2025-05-29,4113.48,4113.48,2724.7161338645833,2724.7161338645833,1388.7638661354163,1388.7638661354163
Painting the sky - Roberts part,daily,2025-05-30,4234.21,4234.21,2804.686129790532,2804.686129790532,1429.523870209468,1429.523870209468
Painting the sky - Roberts part,daily,2025-05-31,12711.88,12711.88,10538.92637161178,10538.92637161178,2172.953628388219,2172.953628388219
Painting the sky - Roberts part,daily,2025-06-01,6801.01,6801.01,5638.453450047943,5638.453450047943,1162.5565499520576,1162.5565499520576
Painting the sky - Roberts part,daily,2025-06-02,18448.71,18448.71,12220.18772085652,12220.18772085652,6228.522279143479,6228.522279143479
Painting the sky - Roberts part,daily,2025-06-03,9842.39,9842.39,6519.472278651516,6519.472278651516,3322.917721348484,3322.917721348484
Painting the sky - Roberts part,daily,2025-06-04,11396.26,11396.26,7548.735739013098,7548.735739013098,3847.524260986902,3847.524260986902
Painting the sky - Roberts part,daily,2025-06-05,5484.64,5484.64,3632.954845152778,3632.954845152778,1851.685154847222,1851.685154847222
Painting the sky - Roberts part,daily,2025-06-06,22297.14,22297.14,14769.338150917802,14769.338150917802,7527.801849082198,7527.801849082198
Painting the sky - Roberts part,daily,2025-06-07,4908.66,4908.66,4069.5795054135097,4069.5795054135097,839.0804945864903,839.0804945864903
Painting the sky - Roberts part,daily,2025-06-08,5163.64,5163.64,4280.9735278738835,4280.9735278738835,882.666472126117,882.666472126117
Painting the sky - Roberts part,daily,2025-06-09,4098.74,4098.74,2714.952547846622,2714.952547846622,1383.787452153378,1383.787452153378
Painting the sky - Roberts part,daily,2025-06-10,8587.59,8587.59,5688.30893161366,5688.30893161366,2899.28106838634,2899.28106838634
Painting the sky - Roberts part,daily,2025-06-11,11384.66,11384.66,7541.052048524064,7541.052048524064,3843.6079514759354,3843.6079514759354
Painting the sky - Roberts part,daily,2025-06-12,10083.38,10083.38,6679.100948561185,6679.100948561185,3404.279051438815,3404.279051438815
Painting the sky - Roberts part,daily,2025-06-13,4234.21,4234.21,2804.686129790532,2804.686129790532,1429.523870209468,1429.523870209468
Painting the sky - Roberts part,daily,2025-06-14,4908.66,4908.66,4069.5795054135097,4069.5795054135097,839.0804945864903,839.0804945864903
Painting the sky - Roberts part,daily,2025-06-15,7132.67,7132.67,5913.419884627939,5913.419884627939,1219.2501153720611,1219.2501153720611
Painting the sky - Roberts part,daily,2025-06-16,12635.57,12635.57,8369.63870969965,8369.63870969965,4265.93129030035,4265.93129030035
Painting the sky - Roberts part,daily,2025-06-17,11260.56,11260.56,7458.849808033629,7458.849808033629,3801.7101919663705,3801.7101919663705
Painting the sky - Roberts part,daily,2025-06-18,14298.21,14298.21,9470.950016138142,9470.950016138142,4827.259983861857,4827.259983861857
Painting the sky - Roberts part,daily,2025-06-19,5920.23,5920.23,3921.4840468870934,3921.4840468870934,1998.745953112906,1998.745953112906
Painting the sky - Roberts part,daily,2025-06-20,11433.87,11433.87,7573.648118262456,7573.648118262456,3860.2218817375447,3860.2218817375447
Painting the sky - Roberts part,daily,2025-06-21,7027.62,7027.62,5826.327006521961,5826.327006521961,1201.292993478039,1201.292993478039
Painting the sky - Roberts part,daily,2025-06-22,8547.74,8547.74,7086.599504060838,7086.599504060838,1461.140495939162,1461.140495939162
Painting the sky - Roberts part,daily,2025-06-23,4098.74,4098.74,2714.952547846622,2714.952547846622,1383.787452153378,1383.787452153378
Painting the sky - Roberts part,daily,2025-06-24,13247.4,13247.4,8774.907015898383,8774.907015898383,4472.4929841016165,4472.4929841016165
Painting the sky - Roberts part,daily,2025-06-25,34604.35,34604.35,22921.475428808913,22921.475428808913,11682.874571191083,11682.874571191083
Painting the sky - Roberts part,daily,2025-06-26,12411.23,12411.23,8221.038785190187,8221.038785190187,4190.191214809812,4190.191214809812
Painting the sky - Roberts part,daily,2025-06-27,7553.43,7553.43,5003.294676774109,5003.294676774109,2550.135323225891,2550.135323225891
Painting the sky - Roberts part,daily,2025-06-28,26935.34,26935.34,22331.045058191998,22331.045058191998,4604.294941808004,4604.294941808004
Painting the sky - Roberts part,daily,2025-06-29,32464.37,32464.37,26914.949254615552,26914.949254615552,5549.4207453844465,5549.4207453844465
Painting the sky - Roberts part,daily,2025-06-30,4098.74,4098.74,2714.952547846622,2714.952547846622,1383.787452153378,1383.787452153378
Painting the sky - Roberts part,daily,2025-07-01,6548.11,6548.11,4337.383666219361,4337.383666219361,2210.726333780639,2210.726333780639
Painting the sky - Roberts part,daily,2025-07-02,7149.1,7149.1,4735.471696133516,4735.471696133516,2413.6283038664847,2413.6283038664847
Painting the sky - Roberts part,daily,2025-07-03,8360.37,8360.37,5537.801332224163,5537.801332224163,2822.5686677758376,2822.5686677758376
Painting the sky - Roberts part,daily,2025-07-04,7438.55,7438.55,4927.199645448233,4927.199645448233,2511.350354551767,2511.350354551767
Painting the sky - Roberts part,daily,2025-07-05,9260.74,9260.74,7677.720133185657,7677.720133185657,1583.0198668143432,1583.0198668143432
Painting the sky - Roberts part,daily,2025-07-06,17095.48,17095.48,14173.199008121675,14173.199008121675,2922.280991878324,2922.280991878324
Painting the sky - Roberts part,daily,2025-07-07,1579.45,1579.45,1046.207322664123,1046.207322664123,533.2426773358771,533.2426773358771
Painting the sky - Roberts part,daily,2025-07-08,8314.57,8314.57,5507.464002534703,5507.464002534703,2807.105997465297,2807.105997465297
Painting the sky - Roberts part,daily,2025-07-09,5729.86,5729.86,3795.3854125424996,3795.3854125424996,1934.4745874575,1934.4745874575
Painting the sky - Roberts part,daily,2025-07-10,13026.76,13026.76,8628.75792370008,8628.75792370008,4398.002076299921,4398.002076299921
Painting the sky - Roberts part,daily,2025-07-11,6076.35,6076.35,4024.895922675706,4024.895922675706,2051.4540773242943,2051.4540773242943
Painting the sky - Roberts part,daily,2025-07-12,12347.66,12347.66,10236.965704655482,10236.965704655482,2110.694295344518,2110.694295344518
Painting the sky - Roberts part,daily,2025-07-13,15256.58,15256.58,12648.638384141832,12648.638384141832,2607.9416158581685,2607.9416158581685
Painting the sky - Roberts part,daily,2025-07-14,2961.54,2961.54,1961.685925076898,1961.685925076898,999.854074923102,999.854074923102
Painting the sky - Roberts part,daily,2025-07-15,6437.81,6437.81,4264.322367862432,4264.322367862432,2173.4876321375687,2173.4876321375687
Painting the sky - Roberts part,daily,2025-07-16,4325.54,4325.54,2865.181944649448,2865.181944649448,1460.3580553505521,1460.3580553505521
Painting the sky - Roberts part,daily,2025-07-17,9726.82,9726.82,6442.920200218965,6442.920200218965,3283.899799781035,3283.899799781035
Painting the sky - Roberts part,daily,2025-07-18,11407.98,11407.98,7556.498915955466,7556.498915955466,3851.481084044534,3851.481084044534
Painting the sky - Roberts part,daily,2025-07-19,15986.16,15986.16,13253.504847812077,13253.504847812077,2732.655152187923,2732.655152187923
Painting the sky - Roberts part,daily,2025-07-20,19797.65,19797.65,16413.46328638565,16413.46328638565,3384.1867136143533,3384.1867136143533
Painting the sky - Roberts part,daily,2025-07-21,1382.1,1382.1,915.4852262838863,915.4852262838863,466.61477371611363,466.61477371611363
Painting the sky - Roberts part,daily,2025-07-22,14780.69,14780.69,9790.538549513043,9790.538549513043,4990.151450486957,4990.151450486957
Painting the sky - Roberts part,daily,2025-07-23,6066.83,6066.83,4018.589997377809,4018.589997377809,2048.240002622191,2048.240002622191
Painting the sky - Roberts part,daily,2025-07-24,14640.84,14640.84,9697.903712022411,9697.903712022411,4942.936287977589,4942.936287977589
Painting the sky - Roberts part,daily,2025-07-25,9529.26,9529.26,6312.059002545392,6312.059002545392,3217.2009974546077,3217.2009974546077
Painting the sky - Roberts part,daily,2025-07-26,9260.74,9260.74,7677.720133185657,7677.720133185657,1583.0198668143432,1583.0198668143432
Painting the sky - Roberts part,daily,2025-07-27,45929.94,45929.94,38078.73075521062,38078.73075521062,7851.209244789378,7851.209244789378
Painting the sky - Roberts part,daily,2025-07-28,1382.1,1382.1,915.4852262838863,915.4852262838863,466.61477371611363,466.61477371611363
Painting the sky - Roberts part,daily,2025-07-29,10598.77,10598.77,7020.488641763162,7020.488641763162,3578.281358236838,3578.281358236838
Painting the sky - Roberts part,daily,2025-07-30,3496.06,3496.06,2315.745083714669,2315.745083714669,1180.3149162853313,1180.3149162853313
Painting the sky - Roberts part,daily,2025-07-31,11239.67,11239.67,7445.012541282258,7445.012541282258,3794.657458717742,3794.657458717742
Painting the sky - Roberts part,daily,2025-08-01,13616.27,13616.27,9019.241749578536,9019.241749578536,4597.028250421466,4597.028250421466
Painting the sky - Roberts part,daily,2025-08-02,29995.49,29995.49,24868.096661580938,24868.096661580938,5127.393338419065,5127.393338419065
Painting the sky - Roberts part,daily,2025-08-03,26881.48,26881.48,22286.39182244913,22286.39182244913,4595.088177550869,4595.088177550869
Painting the sky - Roberts part,daily,2025-08-04,1382.1,1382.1,915.4852262838863,915.4852262838863,466.61477371611363,466.61477371611363
Painting the sky - Roberts part,daily,2025-08-05,19185.65,19185.65,12708.327278527926,12708.327278527926,6477.322721472076,6477.322721472076
Painting the sky - Roberts part,daily,2025-08-06,3496.06,3496.06,2315.745083714669,2315.745083714669,1180.3149162853313,1180.3149162853313
Painting the sky - Roberts part,daily,2025-08-07,12989.94,12989.94,8604.36883026851,8604.36883026851,4385.571169731491,4385.571169731491
Painting the sky - Roberts part,daily,2025-08-08,13092.78,13092.78,8672.488720776457,8672.488720776457,4420.291279223543,4420.291279223543
Painting the sky - Roberts part,daily,2025-08-09,5809.48,5809.48,4816.4144074166215,4816.4144074166215,993.0655925833779,993.0655925833779
Painting the sky - Roberts part,daily,2025-08-10,29914.68,29914.68,24801.10022674282,24801.10022674282,5113.57977325718,5113.57977325718
Painting the sky - Roberts part,daily,2025-08-11,11056.79,11056.79,7323.8751863999805,7323.8751863999805,3732.914813600021,3732.914813600021
Painting the sky - Roberts part,daily,2025-08-12,26512.67,26512.67,17561.650889472545,17561.650889472545,8951.019110527453,8951.019110527453
Painting the sky - Roberts part,daily,2025-08-13,5118.94,5118.94,3390.719878614888,3390.719878614888,1728.2201213851115,1728.2201213851115
Painting the sky - Roberts part,daily,2025-08-14,12327.65,12327.65,8165.6764704424795,8165.6764704424795,4161.97352955752,4161.97352955752
Painting the sky - Roberts part,daily,2025-08-15,12428.76,12428.76,8232.650431248185,8232.650431248185,4196.109568751816,4196.109568751816
Painting the sky - Roberts part,daily,2025-08-16,7772.66,7772.66,6444.010756203805,6444.010756203805,1328.649243796195,1328.649243796195
Painting the sky - Roberts part,daily,2025-08-17,13963.99,13963.99,11577.002179372617,11577.002179372617,2386.987820627382,2386.987820627382
Painting the sky - Roberts part,daily,2025-08-18,4203.81,4203.81,2784.549561612376,2784.549561612376,1419.2604383876246,1419.2604383876246
Painting the sky - Roberts part,daily,2025-08-19,25051.89,25051.89,16594.049045285457,16594.049045285457,8457.840954714544,8457.840954714544
Painting the sky - Roberts part,daily,2025-08-20,12732.54,12732.54,8433.870387865303,8433.870387865303,4298.669612134698,4298.669612134698
Painting the sky - Roberts part,daily,2025-08-21,25506.69,25506.69,16895.302703424455,16895.302703424455,8611.387296575544,8611.387296575544
Painting the sky - Roberts part,daily,2025-08-22,8859.51,8859.51,5868.425234870381,5868.425234870381,2991.084765129619,2991.084765129619
Painting the sky - Roberts part,daily,2025-08-23,5746.84,5746.84,4764.482014417494,4764.482014417494,982.3579855825064,982.3579855825064
Painting the sky - Roberts part,daily,2025-08-24,17669.98,17669.98,14649.494662304296,14649.494662304296,3020.4853376957035,3020.4853376957035
Painting the sky - Roberts part,daily,2025-08-25,4203.81,4203.81,2784.549561612376,2784.549561612376,1419.2604383876246,1419.2604383876246
Painting the sky - Roberts part,daily,2025-08-26,7579.39,7579.39,5020.490246178877,5020.490246178877,2558.8997538211233,2558.8997538211233
Painting the sky - Roberts part,daily,2025-08-27,15235.9,15235.9,10092.063786367602,10092.063786367602,5143.836213632397,5143.836213632397
Painting the sky - Roberts part,daily,2025-08-28,7769.7,7769.7,5146.549137296804,5146.549137296804,2623.1508627031967,2623.1508627031967
Painting the sky - Roberts part,daily,2025-08-29,5906.34,5906.34,3912.283489913588,3912.283489913588,1994.0565100864126,1994.0565100864126
Painting the sky - Roberts part,daily,2025-08-30,7794.47,7794.47,6462.092580777736,6462.092580777736,1332.3774192222647,1332.3774192222647
Painting the sky - Roberts part,daily,2025-08-31,17145.6,17145.6,14214.751555010505,14214.751555010505,2930.8484449894936,2930.8484449894936
Painting the sky - Roberts part,daily,2025-09-01,4203.81,4203.81,2784.549561612376,2784.549561612376,1419.2604383876246,1419.2604383876246
Painting the sky - Roberts part,daily,2025-09-02,6445.57,6445.57,4269.46249184475,4269.46249184475,2176.1075081552494,2176.1075081552494
Painting the sky - Roberts part,daily,2025-09-03,10237.88,10237.88,6781.439757229776,6781.439757229776,3456.440242770223,3456.440242770223
Painting the sky - Roberts part,daily,2025-09-04,6414.4,6414.4,4248.815885591029,4248.815885591029,2165.5841144089713,2165.5841144089713
Painting the sky - Roberts part,daily,2025-09-05,9916.5,9916.5,6568.561787456883,6568.561787456883,3347.938212543116,3347.938212543116
Painting the sky - Roberts part,daily,2025-09-06,3971.13,3971.13,3292.3097670917828,3292.3097670917828,678.8202329082172,678.8202329082172
Painting the sky - Roberts part,daily,2025-09-07,11916.68,11916.68,9879.65691259347,9879.65691259347,2037.02308740653,2037.02308740653
Painting the sky - Roberts part,daily,2025-09-08,22727.07,22727.07,15054.118241603159,15054.118241603159,7672.951758396842,7672.951758396842
Painting the sky - Roberts part,daily,2025-09-09,6445.57,6445.57,4269.46249184475,4269.46249184475,2176.1075081552494,2176.1075081552494
Painting the sky - Roberts part,daily,2025-09-10,12983.08,12983.08,8599.824854686201,8599.824854686201,4383.2551453137985,4383.2551453137985
Painting the sky - Roberts part,daily,2025-09-11,4780.59,4780.59,3166.6011995662284,3166.6011995662284,1613.9888004337718,1613.9888004337718
Painting the sky - Roberts part,daily,2025-09-12,4513.62,4513.62,2989.763712509569,2989.763712509569,1523.8562874904312,1523.8562874904312
Painting the sky - Roberts part,daily,2025-09-13,15652.07,15652.07,12976.523794538149,12976.523794538149,2675.5462054618506,2675.5462054618506
Painting the sky - Roberts part,daily,2025-09-14,8937.51,8937.51,7409.742684445103,7409.742684445103,1527.7673155548976,1527.7673155548976
Painting the sky - Roberts part,daily,2025-09-15,2840.88,2840.88,1881.762296248728,1881.762296248728,959.117703751272,959.117703751272
Painting the sky - Roberts part,daily,2025-09-16,6279.99,6279.99,4159.78443398491,4159.78443398491,2120.2055660150904,2120.2055660150904
Painting the sky - Roberts part,daily,2025-09-17,5118.94,5118.94,3390.719878614888,3390.719878614888,1728.2201213851115,1728.2201213851115
Painting the sky - Roberts part,daily,2025-09-18,4780.59,4780.59,3166.6011995662284,3166.6011995662284,1613.9888004337718,1613.9888004337718
Painting the sky - Roberts part,daily,2025-09-19,2960.03,2960.03,1960.6857205391016,1960.6857205391016,999.3442794608986,999.3442794608986
Painting the sky - Roberts part,daily,2025-09-20,3971.13,3971.13,3292.3097670917828,3292.3097670917828,678.8202329082172,678.8202329082172
Painting the sky - Roberts part,daily,2025-09-21,43982.21,43982.21,36463.943401823126,36463.943401823126,7518.266598176871,7518.266598176871
Painting the sky - Roberts part,daily,2025-09-22,2840.88,2840.88,1881.762296248728,1881.762296248728,959.117703751272,959.117703751272
Painting the sky - Roberts part,daily,2025-09-23,2620.92,2620.92,1736.0636272859876,1736.0636272859876,884.8563727140124,884.8563727140124
Painting the sky - Roberts part,daily,2025-09-24,3527.37,3527.37,2336.4844241639476,2336.4844241639476,1190.885575836052,1190.885575836052
Painting the sky - Roberts part,daily,2025-09-25,12743.14,12743.14,8440.891691243212,8440.891691243212,4302.248308756788,4302.248308756788
Painting the sky - Roberts part,daily,2025-09-26,2960.03,2960.03,1960.6857205391016,1960.6857205391016,999.3442794608986,999.3442794608986
Painting the sky - Roberts part,daily,2025-09-27,16116.99,16116.99,13361.97092341993,13361.97092341993,2755.0190765800685,2755.0190765800685
Painting the sky - Roberts part,daily,2025-09-28,5497.78,5497.78,4557.996034207356,4557.996034207356,939.7839657926429,939.7839657926429
Painting the sky - Roberts part,daily,2025-09-29,2840.88,2840.88,1881.762296248728,1881.762296248728,959.117703751272,959.117703751272
Painting the sky - Roberts part,daily,2025-09-30,2620.92,2620.92,1736.0636272859876,1736.0636272859876,884.8563727140124,884.8563727140124
Painting the sky - Roberts part,daily,2025-10-01,1622.89,1622.89,1074.981418771331,1074.981418771331,547.9085812286692,547.9085812286692
Painting the sky - Roberts part,daily,2025-10-02,1592.89,1592.89,1055.1098054376237,1055.1098054376237,537.7801945623763,537.7801945623763
Painting the sky - Roberts part,daily,2025-10-03,2960.03,2960.03,1960.6857205391016,1960.6857205391016,999.3442794608986,999.3442794608986
Painting the sky - Roberts part,daily,2025-10-04,3971.13,3971.13,3292.3097670917828,3292.3097670917828,678.8202329082172,678.8202329082172
Painting the sky - Roberts part,daily,2025-10-05,5497.78,5497.78,4557.996034207356,4557.996034207356,939.7839657926429,939.7839657926429
Painting the sky - Roberts part,daily,2025-10-06,2840.88,2840.88,1881.762296248728,1881.762296248728,959.117703751272,959.117703751272
Painting the sky - Roberts part,daily,2025-10-07,2620.92,2620.92,1736.0636272859876,1736.0636272859876,884.8563727140124,884.8563727140124
Painting the sky - Roberts part,daily,2025-10-08,1622.89,1622.89,1074.981418771331,1074.981418771331,547.9085812286692,547.9085812286692
Painting the sky - Roberts part,daily,2025-10-09,3253.99,3253.99,2155.401035724986,2155.401035724986,1098.5889642750137,1098.5889642750137
Painting the sky - Roberts part,daily,2025-10-10,13763.73,13763.73,9116.917352984816,9116.917352984816,4646.812647015183,4646.812647015183
Painting the sky - Roberts part,daily,2025-10-11,3971.13,3971.13,3292.3097670917828,3292.3097670917828,678.8202329082172,678.8202329082172
Painting the sky - Roberts part,daily,2025-10-12,5497.78,5497.78,4557.996034207356,4557.996034207356,939.7839657926429,939.7839657926429
Painting the sky - Roberts part,daily,2025-10-14,20967.35,20967.35,13888.502394416788,13888.502394416788,7078.847605583211,7078.847605583211
Painting the sky - Roberts part,daily,2025-10-16,3253.99,3253.99,2155.401035724986,2155.401035724986,1098.5889642750137,1098.5889642750137
Painting the sky - Roberts part,daily,2025-10-17,1720.47,1720.47,1139.6171530747688,1139.6171530747688,580.8528469252312,580.8528469252312
Painting the sky - Roberts part,daily,2025-10-18,2014.62,2014.62,1670.2432564480255,1670.2432564480255,344.37674355197447,344.37674355197447
Painting the sky - Roberts part,daily,2025-10-19,5497.78,5497.78,4557.996034207356,4557.996034207356,939.7839657926429,939.7839657926429
Painting the sky - Roberts part,daily,2025-10-21,2620.92,2620.92,1736.0636272859876,1736.0636272859876,884.8563727140124,884.8563727140124
Painting the sky - Roberts part,daily,2025-10-23,3253.99,3253.99,2155.401035724986,2155.401035724986,1098.5889642750137,1098.5889642750137
Painting the sky - Roberts part,daily,2025-10-24,1720.47,1720.47,1139.6171530747688,1139.6171530747688,580.8528469252312,580.8528469252312
Painting the sky - Roberts part,daily,2025-10-25,4574.62,4574.62,3792.6399051991275,3792.6399051991275,781.9800948008724,781.9800948008724
Painting the sky - Roberts part,daily,2025-10-28,2620.92,2620.92,1736.0636272859876,1736.0636272859876,884.8563727140124,884.8563727140124
Painting the sky - Roberts part,daily,2025-10-30,1661.1,1661.1,1100.2912302873624,1100.2912302873624,560.8087697126375,560.8087697126375
Painting the sky - Roberts part,daily,2025-10-31,1720.47,1720.47,1139.6171530747688,1139.6171530747688,580.8528469252312,580.8528469252312
Painting the sky - Roberts part,daily,2025-11-01,2560,2560,2122.396648751102,2122.396648751102,437.6033512488979,437.6033512488979
Painting the sky - Roberts part,daily,2025-11-04,2620.92,2620.92,1736.0636272859876,1736.0636272859876,884.8563727140124,884.8563727140124
Painting the sky - Roberts part,daily,2025-11-06,13288.82,13288.82,8802.343090041122,8802.343090041122,4486.476909958878,4486.476909958878
Painting the sky - Roberts part,daily,2025-11-07,1720.47,1720.47,1139.6171530747688,1139.6171530747688,580.8528469252312,580.8528469252312
Painting the sky - Roberts part,daily,2025-11-08,2560,2560,2122.396648751102,2122.396648751102,437.6033512488979,437.6033512488979
Painting the sky - Roberts part,daily,2025-11-11,2620.92,2620.92,1736.0636272859876,1736.0636272859876,884.8563727140124,884.8563727140124
Painting the sky - Roberts part,daily,2025-11-12,1891.24,1891.24,1252.7330000413408,1252.7330000413408,638.5069999586591,638.5069999586591
Painting the sky - Roberts part,daily,2025-11-13,1661.1,1661.1,1100.2912302873624,1100.2912302873624,560.8087697126375,560.8087697126375
Painting the sky - Roberts part,daily,2025-11-15,2560,2560,2122.396648751102,2122.396648751102,437.6033512488979,437.6033512488979
Painting the sky - Roberts part,daily,2025-11-19,1891.24,1891.24,1252.7330000413408,1252.7330000413408,638.5069999586591,638.5069999586591
Painting the sky - Roberts part,daily,2025-11-20,1661.1,1661.1,1100.2912302873624,1100.2912302873624,560.8087697126375,560.8087697126375
Painting the sky - Roberts part,daily,2025-11-22,20479.96,20479.96,16979.140027561178,16979.140027561178,3500.81997243882,3500.81997243882
Painting the sky - Roberts part,daily,2025-11-26,1891.24,1891.24,1252.7330000413408,1252.7330000413408,638.5069999586591,638.5069999586591
Painting the sky - Roberts part,daily,2025-11-27,1661.1,1661.1,1100.2912302873624,1100.2912302873624,560.8087697126375,560.8087697126375
Painting the sky - Roberts part,daily,2025-11-29,2560,2560,2122.396648751102,2122.396648751102,437.6033512488979,437.6033512488979
Painting the sky - Roberts part,daily,2025-12-03,1891.24,1891.24,1252.7330000413408,1252.7330000413408,638.5069999586591,638.5069999586591
Painting the sky - Roberts part,daily,2025-12-04,1661.1,1661.1,1100.2912302873624,1100.2912302873624,560.8087697126375,560.8087697126375
Painting the sky - Roberts part,daily,2025-12-06,2560,2560,2122.396648751102,2122.396648751102,437.6033512488979,437.6033512488979
Painting the sky - Roberts part,daily,2025-12-07,3456.24,3456.24,2865.434450499808,2865.434450499808,590.8055495001918,590.8055495001918
Painting the sky - Roberts part,daily,2025-12-10,15129.89,15129.89,10021.844128717394,10021.844128717394,5108.045871282607,5108.045871282607
Painting the sky - Roberts part,daily,2025-12-13,2560,2560,2122.396648751102,2122.396648751102,437.6033512488979,437.6033512488979
Painting the sky - Roberts part,daily,2025-12-14,3456.24,3456.24,2865.434450499808,2865.434450499808,590.8055495001918,590.8055495001918
Painting the sky - Roberts part,daily,2025-12-17,1891.24,1891.24,1252.7330000413408,1252.7330000413408,638.5069999586591,638.5069999586591
Painting the sky - Roberts part,daily,2025-12-20,2560,2560,2122.396648751102,2122.396648751102,437.6033512488979,437.6033512488979
Painting the sky - Roberts part,daily,2025-12-21,3456.24,3456.24,2865.434450499808,2865.434450499808,590.8055495001918,590.8055495001918
Painting the sky - Roberts part,daily,2025-12-24,1891.24,1891.24,1252.7330000413408,1252.7330000413408,638.5069999586591,638.5069999586591
Painting the sky - Roberts part,daily,2025-12-28,3456.24,3456.24,2865.434450499808,2865.434450499808,590.8055495001918,590.8055495001918
Painting the sky - Roberts part,daily,2025-12-31,1891.24,1891.24,1252.7330000413408,1252.7330000413408,638.5069999586591,638.5069999586591
Painting the sky - Roberts part,daily,2026-01-04,27649.94,27649.94,22923.492185222283,22923.492185222283,4726.447814777715,4726.447814777715
Painting the sky - Roberts part,daily,2026-01-07,1891.24,1891.24,1252.7330000413408,1252.7330000413408,638.5069999586591,638.5069999586591
Painting the sky - Roberts part,daily,2026-01-11,3456.24,3456.24,2865.434450499808,2865.434450499808,590.8055495001918,590.8055495001918
Painting the sky - Roberts part,daily,2026-01-18,3456.24,3456.24,2865.434450499808,2865.434450499808,590.8055495001918,590.8055495001918
Painting the sky - Roberts part,daily,2026-01-25,3456.24,3456.24,2865.434450499808,2865.434450499808,590.8055495001918,590.8055495001918
Painting the sky - Roberts part,weekly,2024-12-30,75538.41,10791.2,55922.62169625176,7988.944899006902,19615.788303748246,2802.2551009930985
Painting the sky - Roberts part,weekly,2025-01-06,80117.12,11445.3,59312.333859730505,8473.188436189088,20804.786140269494,2972.1115638109113
Painting the sky - Roberts part,weekly,2025-01-13,71333.27,10190.47,52809.471003779196,7544.212258598011,18523.798996220805,2646.2577414019884
Painting the sky - Roberts part,weekly,2025-01-20,77641.98,11091.71,57479.937362832294,8211.418565661264,20162.042637167702,2880.2914343387347
Painting the sky - Roberts part,weekly,2025-01-27,72404.48,10343.5,53602.50955975676,7657.503480880522,18801.97044024323,2685.996519119478
Painting the sky - Roberts part,weekly,2025-02-03,72205.28,10315.04,53455.03774717965,7636.433963882808,18750.242252820346,2678.6060361171926
Painting the sky - Roberts part,weekly,2025-02-10,75124.12,10732.02,55615.914380827184,7945.13274103344,19508.205619172808,2786.8872589665607
Painting the sky - Roberts part,weekly,2025-02-17,78694.81,11242.12,58259.36883088232,8322.770148641808,20435.441169117676,2919.349851358193
Painting the sky - Roberts part,weekly,2025-02-24,73253.72,10464.82,54231.219208918366,7747.319145046464,19022.500791081635,2717.5008549535355
Painting the sky - Roberts part,weekly,2025-03-03,82857.12,11836.73,61340.81160301011,8762.97202854381,21516.308396989883,3073.75797145619
Painting the sky - Roberts part,weekly,2025-03-10,76409.1,10915.59,56567.21121679779,8081.033346629731,19841.888783202216,2834.5566533702695
Painting the sky - Roberts part,weekly,2025-03-17,77285.17,11040.74,57215.78366079595,8173.684437714199,20069.38633920405,2867.0555622858014
Painting the sky - Roberts part,weekly,2025-03-24,71537.49,10219.64,52960.659224484516,7565.807403040152,18576.830775515493,2653.8325969598473
Painting the sky - Roberts part,weekly,2025-03-31,66597.69,9513.96,49303.62478789597,7043.378142500898,17294.065212104033,2470.581857499101
Painting the sky - Roberts part,weekly,2025-04-07,67740.98,9677.28,50150.02563428799,7164.287261125873,17590.95436571201,2512.992738874128
Painting the sky - Roberts part,weekly,2025-04-14,70491.34,10070.19,52186.173096334154,7455.166527590102,18305.16690366584,2615.0234724098977
Painting the sky - Roberts part,weekly,2025-04-21,59713.37,8530.48,44207.02263548185,6315.287890325487,15506.34736451815,2215.1921096745127
Painting the sky - Roberts part,weekly,2025-04-28,65787.47,9398.21,48703.8024385675,6957.686062652499,17083.667561432503,2440.5239373475
Painting the sky - Roberts part,weekly,2025-05-05,57962.24,8280.32,42910.62547103323,6130.089353004747,15051.61452896677,2150.2306469952528
Painting the sky - Roberts part,weekly,2025-05-12,58596.17,8370.88,43379.93674687164,6197.132763381171,15216.23325312836,2173.7472366188285
Painting the sky - Roberts part,weekly,2025-05-19,60087.55,8583.94,44484.03570189804,6354.865415929768,15603.514298101958,2229.074584070233
Painting the sky - Roberts part,weekly,2025-05-26,59408.7,8486.96,43981.46923619536,6283.0691489431765,15427.230763804644,2203.8908510568226
Painting the sky - Roberts part,weekly,2025-06-02,67848.63,9692.66,50229.721119347865,7175.673388020631,17618.90888065214,2516.9866119793687
Painting the sky - Roberts part,weekly,2025-06-09,59572.23,8510.32,44102.53382209263,6300.363032185152,15469.696177907377,2209.9569678148478
Painting the sky - Roberts part,weekly,2025-06-16,65908.25,9415.46,48793.218329747535,6970.45658859103,17115.03167025246,2445.00341140897
Painting the sky - Roberts part,weekly,2025-06-23,84374.31,12053.47,62464.01822612193,8923.429059959291,21910.291773878063,3130.040940040707
Painting the sky - Roberts part,weekly,2025-06-30,63481.34,9068.76,46996.52748305311,6713.787525235176,16484.812516946884,2354.9724747648243
Painting the sky - Roberts part,weekly,2025-07-07,64317.87,9188.27,47615.82766063914,6802.263209578004,16702.042339360865,2386.0067904219973
Painting the sky - Roberts part,weekly,2025-07-14,66662.81,9523.26,49351.83444871435,7050.263121702542,17310.97555128565,2472.9968782974584
Painting the sky - Roberts part,weekly,2025-07-21,76049.3,10864.19,56300.84395693209,8042.980880934631,19748.456043067912,2821.209119065369
Painting the sky - Roberts part,weekly,2025-07-28,75266.63,10752.38,55721.41743308806,7960.205663242626,19545.212566911945,2792.1743367573736
Painting the sky - Roberts part,weekly,2025-08-04,72295.45,10327.92,53521.79243262181,7645.96928991691,18773.657567378184,2681.9507100830897
Painting the sky - Roberts part,weekly,2025-08-11,73614.86,10516.41,54498.578498045375,7785.512271606974,19116.28150195463,2730.8977283930267
Painting the sky - Roberts part,weekly,2025-08-18,76987.9,10998.27,56995.708632056994,8142.243032693365,19992.191367943004,2856.0269673066355
Painting the sky - Roberts part,weekly,2025-08-25,66838.65,9548.38,49482.01237804948,7068.859968750418,17356.637621950507,2479.520031249581
Painting the sky - Roberts part,weekly,2025-09-01,63151.79,9021.68,46752.554913601365,6678.933243427292,16399.235086398632,2342.746756572709
Painting the sky - Roberts part,weekly,2025-09-08,70318.4,10045.49,52058.14209599738,7436.880615086815,18260.257904002618,2608.609384913185
Painting the sky - Roberts part,weekly,2025-09-15,68343.98,9763.43,50596.43880187835,7228.065858784098,17747.541198121642,2535.3641412159022
Painting the sky - Roberts part,weekly,2025-09-22,60811.41,8687.34,45019.923986295995,6431.414539526523,15791.48601370401,2255.925460473477
Painting the sky - Roberts part,weekly,2025-09-29,53036.06,7576.58,39263.67419753354,5609.0963139333635,13772.385802466455,1967.4836860666364
Painting the sky - Roberts part,weekly,2025-10-06,56523.7,8074.81,41845.64504299766,5977.946119055335,14678.054957002334,2096.863880944666
Painting the sky - Roberts part,weekly,2025-10-13,63992.37,9141.77,47374.85338858165,6767.838313569791,16617.516611418352,2373.9316864302095
Painting the sky - Roberts part,weekly,2025-10-20,52782.21,7540.32,39075.74387814247,5582.252298250401,13706.466121857524,1958.0677017495996
Painting the sky - Roberts part,weekly,2025-10-27,50298.59,7185.51,37237.06946472492,5319.579236902577,13061.520535275078,1865.9307630974236
Painting the sky - Roberts part,weekly,2025-11-03,54796.94,7828.13,40567.289485338726,5795.323896532628,14229.650514661274,2032.8061034673717
Painting the sky - Roberts part,weekly,2025-11-10,48855.54,6979.36,36168.75019193673,5166.962197932835,12686.78980806327,1812.3978020671648
Painting the sky - Roberts part,weekly,2025-11-17,59887.36,8555.34,44335.830972180105,6333.692254083856,15551.529027819894,2221.6477459161442
Painting the sky - Roberts part,weekly,2025-11-24,51532.53,7361.79,38150.58035032435,5450.082907189193,13381.94964967565,1911.707092810807
Painting the sky - Roberts part,weekly,2025-12-01,47276.08,6753.73,34999.443820987675,4999.923718656857,12276.636179012325,1753.8062813431422
Painting the sky - Roberts part,weekly,2025-12-08,59577.75,8511.11,44106.620390392956,6300.94788525712,15471.129609607045,2210.1621147428805
Painting the sky - Roberts part,weekly,2025-12-15,47291.29,6755.9,35010.70409342391,5001.530213803907,12280.58590657609,1754.3697861960923
Painting the sky - Roberts part,weekly,2025-12-22,47214.5,6744.93,34953.854894187985,4993.408899627347,12260.645105812016,1751.5211003726536
Painting the sky - Roberts part,weekly,2025-12-29,65164.76,9309.25,48242.79755699172,6891.827164826896,16921.962443008288,2417.422835173104
Painting the sky - Roberts part,weekly,2026-01-05,54435.74,7776.53,40299.88577699106,5757.1233667686765,14135.854223008937,2019.4066332313234
Painting the sky - Roberts part,weekly,2026-01-12,48334.9,6904.99,35783.30980789984,5111.904573930023,12551.590192100166,1793.0854260699766
Painting the sky - Roberts part,weekly,2026-01-19,47804.61,6829.23,35390.7253325408,5055.817904648686,12413.884667459197,1773.4120953513136
Painting the sky - Roberts part,monthly,2025-01-01,333939.86,10772.25,247222.47211821473,7974.915828483125,86717.38788178525,2797.334171516875
Painting the sky - Roberts part,monthly,2025-02-01,299513.5,10696.91,221735.93743130547,7919.140093746379,77777.56256869453,2777.7699062536217
Painting the sky - Roberts part,monthly,2025-03-01,340287.01,10977,251921.3963913013,8126.496418970899,88365.61360869871,2850.5035810291015
Painting the sky - Roberts part,monthly,2025-04-01,282597.03,9419.9,209212.33053719703,6973.743610919556,73384.699462803,2446.1563890804437
Painting the sky - Roberts part,monthly,2025-05-01,265928.36,8578.33,196872.17502439683,6350.712218798454,69056.18497560317,2227.617781201546
Painting the sky - Roberts part,monthly,2025-06-01,293823.38,9794.11,217523.4258340098,7250.7788869460755,76299.9541659902,2543.331113053925
Painting the sky - Roberts part,monthly,2025-07-01,297055.08,9582.42,219915.91909056334,7094.060473269119,77139.16090943666,2488.359526730881
Painting the sky - Roberts part,monthly,2025-08-01,330725.9,10668.58,244843.11214456844,7898.166818393418,85882.78785543158,2770.413181606582
Painting the sky - Roberts part,monthly,2025-09-01,277639.87,9254.66,205542.44413943207,6851.413077233599,72097.42586056794,2403.246922766401
Painting the sky - Roberts part,monthly,2025-10-01,247191.47,7973.92,183000.8741691858,5903.255199522678,64190.59583081422,2070.664800477323
Painting the sky - Roberts part,monthly,2025-11-01,229499.54,7649.98,169903.17846091543,5663.43582720224,59596.36153908459,1986.5441727977593
Painting the sky - Roberts part,monthly,2025-12-01,221243.69,7136.89,163791.2047467348,5283.584861764528,57452.48525326523,1853.3051382354727